{"credit":"Made with Blockbench","texture_size":[32,32],"textures":{"main":"item/axolotl_bucket"},"elements":[{"from":[6,1,10],"to":[10,9,11],"faces":{"north":{"uv":[1.5,1.5,2,2.5],"texture":"#main"},"east":{"uv":[2,1.5,2.125,2.5],"texture":"#main"},"south":{"uv":[0,2,0.5,3],"texture":"#main"},"west":{"uv":[2.125,1.5,2.25,2.5],"texture":"#main"},"up":{"uv":[2.125,2.625,1.625,2.5],"texture":"#main"},"down":{"uv":[3.125,0.125,2.625,0.25],"texture":"#main"}}},{"from":[6,1,5],"to":[10,9,6],"faces":{"north":{"uv":[0.5,2,1,3],"texture":"#main"},"east":{"uv":[2.25,0,2.375,1],"texture":"#main"},"south":{"uv":[1,2,1.5,3],"texture":"#main"},"west":{"uv":[2.25,1,2.375,2],"texture":"#main"},"up":{"uv":[3.125,0.375,2.625,0.25],"texture":"#main"},"down":{"uv":[3.125,0.375,2.625,0.5],"texture":"#main"}}},{"from":[5,1,5],"to":[6,9,11],"faces":{"north":{"uv":[2.25,2,2.375,3],"texture":"#main"},"east":{"uv":[0,0,0.75,1],"texture":"#main"},"south":{"uv":[2.375,0,2.5,1],"texture":"#main"},"west":{"uv":[0.75,0,1.5,1],"texture":"#main"},"up":{"uv":[2.625,0.75,2.5,0],"texture":"#main"},"down":{"uv":[2.625,0.75,2.5,1.5],"texture":"#main"}}},{"from":[6,7,6],"to":[10,8,10],"faces":{"north":{"uv":[1,0,2,0.25],"texture":"#main"},"east":{"uv":[1,0.25,2,0.5],"texture":"#main"},"south":{"uv":[1,0.5,2,0.75],"texture":"#main"},"west":{"uv":[1,0.75,2,1],"texture":"#main"},"up":{"uv":[3.125,1,2.625,0.5],"texture":"#main"},"down":{"uv":[1,1,0,2],"texture":"#main"}}},{"from":[10,1,5],"to":[11,9,11],"faces":{"north":{"uv":[2.375,1,2.5,2],"texture":"#main"},"east":{"uv":[0,1,0.75,2],"texture":"#main"},"south":{"uv":[2.375,2,2.5,3],"texture":"#main"},"west":{"uv":[0.75,1,1.5,2],"texture":"#main"},"up":{"uv":[1.625,3.25,1.5,2.5],"texture":"#main"},"down":{"uv":[2.625,1.5,2.5,2.25],"texture":"#main"}}},{"from":[5,0,5],"to":[11,1,11],"faces":{"north":{"uv":[2.5,2.25,3.25,2.375],"texture":"#main"},"east":{"uv":[2.5,2.375,3.25,2.5],"texture":"#main"},"south":{"uv":[2.5,2.5,3.25,2.625],"texture":"#main"},"west":{"uv":[2.625,0,3.375,0.125],"texture":"#main"},"up":{"uv":[2.25,0.75,1.5,0],"texture":"#main"},"down":{"uv":[2.25,0.75,1.5,1.5],"texture":"#main"}}},{"name":"head","from":[5.088,9.32852,4.42148],"to":[10.912,12.82852,7.92148],"rotation":{"angle":22.5,"axis":"x","origin":[8,11.07852,6.17148]},"faces":{"north":{"uv":[4.5,2.875,5.5,3.5],"texture":"#main"},"east":{"uv":[3.875,2.875,4.5,3.5],"texture":"#main"},"south":{"uv":[6.125,2.875,7.125,3.5],"texture":"#main"},"west":{"uv":[5.5,2.875,6.125,3.5],"texture":"#main"},"up":{"uv":[5.5,2.875,4.5,2.25],"texture":"#main"},"down":{"uv":[6.5,2.25,5.5,2.875],"texture":"#main"}}},{"name":"top_gills","from":[5.2,9.25,4.325],"to":[10.8,11.35,4.325],"rotation":{"angle":45,"axis":"x","origin":[8,7.5,9.75]},"faces":{"north":{"uv":[4.25,6.75,5.25,7.125],"texture":"#main"},"east":{"uv":[4.25,6.75,4.25,7.125],"texture":"#main"},"south":{"uv":[4.25,6.75,5.25,7.125],"texture":"#main"},"west":{"uv":[5.25,6.75,5.25,7.125],"texture":"#main"},"up":{"uv":[5.25,6.75,4.25,6.75],"texture":"#main"},"down":{"uv":[6.25,6.75,5.25,6.75],"texture":"#main"}}},{"name":"left_gills","from":[10.8,5.75,5.325],"to":[12.9,10.65,5.325],"rotation":{"angle":45,"axis":"x","origin":[8,7.5,10.75]},"faces":{"north":{"uv":[3.875,7.125,4.25,8],"texture":"#main"},"east":{"uv":[3.875,7.125,3.875,8],"texture":"#main"},"south":{"uv":[5.25,7.125,5.625,8],"texture":"#main"},"west":{"uv":[4.25,7.125,4.25,8],"texture":"#main"},"up":{"uv":[4.25,7.125,3.875,7.125],"texture":"#main"},"down":{"uv":[4.625,7.125,4.25,7.125],"texture":"#main"}}},{"name":"right_gills","from":[3.1,5.75,5.325],"to":[5.2,10.65,5.325],"rotation":{"angle":45,"axis":"x","origin":[8,7.5,10.75]},"faces":{"north":{"uv":[5.25,7.125,5.625,8],"texture":"#main"},"east":{"uv":[5.25,7.125,5.25,8],"texture":"#main"},"south":{"uv":[3.875,7.125,4.25,8],"texture":"#main"},"west":{"uv":[5.625,7.125,5.625,8],"texture":"#main"},"up":{"uv":[5.625,7.125,5.25,7.125],"texture":"#main"},"down":{"uv":[6,7.125,5.625,7.125],"texture":"#main"}}},{"name":"body","from":[5.2,5.6,6.025],"to":[10.8,8.4,13.025],"rotation":{"angle":45,"axis":"x","origin":[8,7.5,10.75]},"faces":{"north":{"uv":[5.125,4.75,6.125,5.25],"texture":"#main"},"east":{"uv":[3.875,4.75,5.125,5.25],"texture":"#main"},"south":{"uv":[0.375,6.75,1.375,7.25],"texture":"#main"},"west":{"uv":[6.125,4.75,7.375,5.25],"texture":"#main"},"up":{"uv":[6.125,4.75,5.125,3.5],"texture":"#main"},"down":{"uv":[7.125,3.5,6.125,4.75],"texture":"#main"}}},{"name":"body","from":[8,5.6,6.725],"to":[8,9.1,13.025],"rotation":{"angle":45,"axis":"x","origin":[8,7.5,10.75]},"faces":{"north":{"uv":[5.25,5.375,5.25,6],"texture":"#main"},"east":{"uv":[4.125,5.375,5.25,6],"texture":"#main"},"south":{"uv":[6.375,5.375,6.375,6],"texture":"#main"},"west":{"uv":[5.25,5.375,6.375,6],"texture":"#main"},"up":{"uv":[5.25,5.375,5.25,4.25],"texture":"#main"},"down":{"uv":[5.25,4.25,5.25,5.375],"texture":"#main"}}},{"name":"leg4","from":[4.5,6.61621,3.924],"to":[6.6,10.11621,3.924],"rotation":{"angle":45,"axis":"x","origin":[5.55,8.36621,3.924]},"faces":{"north":{"uv":[4.125,3.75,4.5,4.375],"texture":"#main"},"east":{"uv":[4.125,3.75,4.125,4.375],"texture":"#main"},"south":{"uv":[4.5,3.75,4.875,4.375],"texture":"#main"},"west":{"uv":[4.5,3.75,4.5,4.375],"texture":"#main"},"up":{"uv":[4.5,3.75,4.125,3.75],"texture":"#main"},"down":{"uv":[4.875,3.75,4.5,3.75],"texture":"#main"}}},{"name":"leg2","from":[4.15,2.95,11.625],"to":[6.25,6.45,11.625],"rotation":{"angle":45,"axis":"x","origin":[8,7.5,10.75]},"faces":{"north":{"uv":[7.625,6.5,8,7.125],"texture":"#main"},"east":{"uv":[4.125,3.75,4.125,4.375],"texture":"#main"},"south":{"uv":[4.5,3.75,4.875,4.375],"texture":"#main"},"west":{"uv":[4.5,3.75,4.5,4.375],"texture":"#main"},"up":{"uv":[4.5,3.75,4.125,3.75],"texture":"#main"},"down":{"uv":[4.875,3.75,4.5,3.75],"texture":"#main"}}},{"name":"leg3","from":[9.5,6.61621,3.924],"to":[11.6,10.11621,3.924],"rotation":{"angle":45,"axis":"x","origin":[10.55,8.36621,3.924]},"faces":{"north":{"uv":[4.125,3.75,4.5,4.375],"texture":"#main"},"east":{"uv":[4.125,3.75,4.125,4.375],"texture":"#main"},"south":{"uv":[4.5,3.75,4.875,4.375],"texture":"#main"},"west":{"uv":[4.5,3.75,4.5,4.375],"texture":"#main"},"up":{"uv":[4.5,3.75,4.125,3.75],"texture":"#main"},"down":{"uv":[4.875,3.75,4.5,3.75],"texture":"#main"}}},{"name":"leg1","from":[9.75,2.95,11.625],"to":[11.85,6.45,11.625],"rotation":{"angle":45,"axis":"x","origin":[8,7.5,10.75]},"faces":{"north":{"uv":[5.875,5.5,6.25,6.125],"texture":"#main"},"east":{"uv":[4.125,3.75,4.125,4.375],"texture":"#main"},"south":{"uv":[4.5,3.75,4.875,4.375],"texture":"#main"},"west":{"uv":[4.5,3.75,4.5,4.375],"texture":"#main"},"up":{"uv":[4.5,3.75,4.125,3.75],"texture":"#main"},"down":{"uv":[4.875,3.75,4.5,3.75],"texture":"#main"}}},{"from":[6,1,10],"to":[10,9,11],"faces":{"north":{"uv":[9.5,1.5,10,2.5],"texture":"#main"},"east":{"uv":[10,1.5,10.125,2.5],"texture":"#main"},"south":{"uv":[8,2,8.5,3],"texture":"#main"},"west":{"uv":[10.125,1.5,10.25,2.5],"texture":"#main"},"up":{"uv":[10.125,2.625,9.625,2.5],"texture":"#main"},"down":{"uv":[11.125,0.125,10.625,0.25],"texture":"#main"}}},{"from":[6,1,5],"to":[10,9,6],"faces":{"north":{"uv":[8.5,2,9,3],"texture":"#main"},"east":{"uv":[10.25,0,10.375,1],"texture":"#main"},"south":{"uv":[9,2,9.5,3],"texture":"#main"},"west":{"uv":[10.25,1,10.375,2],"texture":"#main"},"up":{"uv":[11.125,0.375,10.625,0.25],"texture":"#main"},"down":{"uv":[11.125,0.375,10.625,0.5],"texture":"#main"}}},{"from":[5,1,5],"to":[6,9,11],"faces":{"north":{"uv":[10.25,2,10.375,3],"texture":"#main"},"east":{"uv":[8,0,8.75,1],"texture":"#main"},"south":{"uv":[10.375,0,10.5,1],"texture":"#main"},"west":{"uv":[8.75,0,9.5,1],"texture":"#main"},"up":{"uv":[10.625,0.75,10.5,0],"texture":"#main"},"down":{"uv":[10.625,0.75,10.5,1.5],"texture":"#main"}}},{"from":[6,7,6],"to":[10,8,10],"faces":{"north":{"uv":[9,0,10,0.25],"texture":"#main"},"east":{"uv":[9,0.25,10,0.5],"texture":"#main"},"south":{"uv":[9,0.5,10,0.75],"texture":"#main"},"west":{"uv":[9,0.75,10,1],"texture":"#main"},"up":{"uv":[11.125,1,10.625,0.5],"texture":"#main"},"down":{"uv":[9,1,8,2],"texture":"#main"}}},{"from":[10,1,5],"to":[11,9,11],"faces":{"north":{"uv":[10.375,1,10.5,2],"texture":"#main"},"east":{"uv":[8,1,8.75,2],"texture":"#main"},"south":{"uv":[10.375,2,10.5,3],"texture":"#main"},"west":{"uv":[8.75,1,9.5,2],"texture":"#main"},"up":{"uv":[9.625,3.25,9.5,2.5],"texture":"#main"},"down":{"uv":[10.625,1.5,10.5,2.25],"texture":"#main"}}},{"from":[5,0,5],"to":[11,1,11],"faces":{"north":{"uv":[10.5,2.25,11.25,2.375],"texture":"#main"},"east":{"uv":[10.5,2.375,11.25,2.5],"texture":"#main"},"south":{"uv":[10.5,2.5,11.25,2.625],"texture":"#main"},"west":{"uv":[10.625,0,11.375,0.125],"texture":"#main"},"up":{"uv":[10.25,0.75,9.5,0],"texture":"#main"},"down":{"uv":[10.25,0.75,9.5,1.5],"texture":"#main"}}},{"name":"head","from":[5.088,9.32852,4.42148],"to":[10.912,12.82852,7.92148],"rotation":{"angle":22.5,"axis":"x","origin":[8,11.07852,6.17148]},"faces":{"north":{"uv":[12.5,2.875,13.5,3.5],"texture":"#main"},"east":{"uv":[11.875,2.875,12.5,3.5],"texture":"#main"},"south":{"uv":[14.125,2.875,15.125,3.5],"texture":"#main"},"west":{"uv":[13.5,2.875,14.125,3.5],"texture":"#main"},"up":{"uv":[13.5,2.875,12.5,2.25],"texture":"#main"},"down":{"uv":[14.5,2.25,13.5,2.875],"texture":"#main"}}},{"name":"top_gills","from":[5.2,9.25,4.325],"to":[10.8,11.35,4.325],"rotation":{"angle":45,"axis":"x","origin":[8,7.5,9.75]},"faces":{"north":{"uv":[12.25,6.75,13.25,7.125],"texture":"#main"},"east":{"uv":[12.25,6.75,12.25,7.125],"texture":"#main"},"south":{"uv":[12.25,6.75,13.25,7.125],"texture":"#main"},"west":{"uv":[13.25,6.75,13.25,7.125],"texture":"#main"},"up":{"uv":[13.25,6.75,12.25,6.75],"texture":"#main"},"down":{"uv":[14.25,6.75,13.25,6.75],"texture":"#main"}}},{"name":"left_gills","from":[10.8,5.75,5.325],"to":[12.9,10.65,5.325],"rotation":{"angle":45,"axis":"x","origin":[8,7.5,10.75]},"faces":{"north":{"uv":[11.875,7.125,12.25,8],"texture":"#main"},"east":{"uv":[11.875,7.125,11.875,8],"texture":"#main"},"south":{"uv":[13.25,7.125,13.625,8],"texture":"#main"},"west":{"uv":[12.25,7.125,12.25,8],"texture":"#main"},"up":{"uv":[12.25,7.125,11.875,7.125],"texture":"#main"},"down":{"uv":[12.625,7.125,12.25,7.125],"texture":"#main"}}},{"name":"right_gills","from":[3.1,5.75,5.325],"to":[5.2,10.65,5.325],"rotation":{"angle":45,"axis":"x","origin":[8,7.5,10.75]},"faces":{"north":{"uv":[13.25,7.125,13.625,8],"texture":"#main"},"east":{"uv":[13.25,7.125,13.25,8],"texture":"#main"},"south":{"uv":[11.875,7.125,12.25,8],"texture":"#main"},"west":{"uv":[13.625,7.125,13.625,8],"texture":"#main"},"up":{"uv":[13.625,7.125,13.25,7.125],"texture":"#main"},"down":{"uv":[14,7.125,13.625,7.125],"texture":"#main"}}},{"name":"body","from":[5.2,5.6,6.025],"to":[10.8,8.4,13.025],"rotation":{"angle":45,"axis":"x","origin":[8,7.5,10.75]},"faces":{"north":{"uv":[13.125,4.75,14.125,5.25],"texture":"#main"},"east":{"uv":[11.875,4.75,13.125,5.25],"texture":"#main"},"south":{"uv":[8.375,6.75,9.375,7.25],"texture":"#main"},"west":{"uv":[14.125,4.75,15.375,5.25],"texture":"#main"},"up":{"uv":[14.125,4.75,13.125,3.5],"texture":"#main"},"down":{"uv":[15.125,3.5,14.125,4.75],"texture":"#main"}}},{"name":"body","from":[8,5.6,6.725],"to":[8,9.1,13.025],"rotation":{"angle":45,"axis":"x","origin":[8,7.5,10.75]},"faces":{"north":{"uv":[13.25,5.375,13.25,6],"texture":"#main"},"east":{"uv":[12.125,5.375,13.25,6],"texture":"#main"},"south":{"uv":[14.375,5.375,14.375,6],"texture":"#main"},"west":{"uv":[13.25,5.375,14.375,6],"texture":"#main"},"up":{"uv":[13.25,5.375,13.25,4.25],"texture":"#main"},"down":{"uv":[13.25,4.25,13.25,5.375],"texture":"#main"}}},{"name":"leg4","from":[4.5,6.61621,3.924],"to":[6.6,10.11621,3.924],"rotation":{"angle":45,"axis":"x","origin":[5.55,8.36621,3.924]},"faces":{"north":{"uv":[12.125,3.75,12.5,4.375],"texture":"#main"},"east":{"uv":[12.125,3.75,12.125,4.375],"texture":"#main"},"south":{"uv":[12.5,3.75,12.875,4.375],"texture":"#main"},"west":{"uv":[12.5,3.75,12.5,4.375],"texture":"#main"},"up":{"uv":[12.5,3.75,12.125,3.75],"texture":"#main"},"down":{"uv":[12.875,3.75,12.5,3.75],"texture":"#main"}}},{"name":"leg2","from":[4.15,2.95,11.625],"to":[6.25,6.45,11.625],"rotation":{"angle":45,"axis":"x","origin":[8,7.5,10.75]},"faces":{"north":{"uv":[15.625,6.5,16,7.125],"texture":"#main"},"east":{"uv":[12.125,3.75,12.125,4.375],"texture":"#main"},"south":{"uv":[12.5,3.75,12.875,4.375],"texture":"#main"},"west":{"uv":[12.5,3.75,12.5,4.375],"texture":"#main"},"up":{"uv":[12.5,3.75,12.125,3.75],"texture":"#main"},"down":{"uv":[12.875,3.75,12.5,3.75],"texture":"#main"}}},{"name":"leg3","from":[9.5,6.61621,3.924],"to":[11.6,10.11621,3.924],"rotation":{"angle":45,"axis":"x","origin":[10.55,8.36621,3.924]},"faces":{"north":{"uv":[12.125,3.75,12.5,4.375],"texture":"#main"},"east":{"uv":[12.125,3.75,12.125,4.375],"texture":"#main"},"south":{"uv":[12.5,3.75,12.875,4.375],"texture":"#main"},"west":{"uv":[12.5,3.75,12.5,4.375],"texture":"#main"},"up":{"uv":[12.5,3.75,12.125,3.75],"texture":"#main"},"down":{"uv":[12.875,3.75,12.5,3.75],"texture":"#main"}}},{"name":"leg1","from":[9.75,2.95,11.625],"to":[11.85,6.45,11.625],"rotation":{"angle":45,"axis":"x","origin":[8,7.5,10.75]},"faces":{"north":{"uv":[13.875,5.5,14.25,6.125],"texture":"#main"},"east":{"uv":[12.125,3.75,12.125,4.375],"texture":"#main"},"south":{"uv":[12.5,3.75,12.875,4.375],"texture":"#main"},"west":{"uv":[12.5,3.75,12.5,4.375],"texture":"#main"},"up":{"uv":[12.5,3.75,12.125,3.75],"texture":"#main"},"down":{"uv":[12.875,3.75,12.5,3.75],"texture":"#main"}}}],"gui_light":"front","display":{"thirdperson_righthand":{"rotation":[65.35,0.87,1.03],"translation":[-0.25,1,-0.75],"scale":[0.9,0.9,0.9]},"thirdperson_lefthand":{"rotation":[65.35,0.87,1.03],"translation":[-0.25,1,-0.75],"scale":[0.9,0.9,0.9]},"firstperson_righthand":{"rotation":[24.74,-3.72,19.9],"translation":[2.25,5,-1.5]},"firstperson_lefthand":{"rotation":[-114.08,63.54,123.13],"translation":[1.75,5.5,-0.75]},"ground":{"translation":[0,4,0],"scale":[0.8,0.8,0.8]},"gui":{"rotation":[-114.88,-32.79,-156.45],"translation":[1.25,2.5,0],"scale":[1.3,1.3,1.3]},"head":{"translation":[0.25,18,0],"scale":[1.5,1.5,1.5]},"fixed":{"rotation":[-90,-90,0],"translation":[0,0,-15.5],"scale":[2,2,2]}},"__comment":"Model animated using Fizzy's model animator - http://fizzy81.github.io/animated-models/"}