{
	"credit": "Made with Blockbench",
	"textures": {
		"1": "item/bamboo"
	},
	"elements": [
		{
			"from": [7.5, 7.5, 7.5],
			"to": [10.5, 23.5, 10.5],
			"rotation": {"angle": 0, "axis": "y", "origin": [7.5, 7.5, 7.5]},
			"faces": {
				"north": {"uv": [9, 0, 12, 16], "texture": "#1"},
				"east": {"uv": [9, 0, 12, 16], "texture": "#1"},
				"south": {"uv": [12, 0, 9, 16], "texture": "#1"},
				"west": {"uv": [9, 0, 12, 16], "texture": "#1"},
				"up": {"uv": [16, 13, 13, 10], "texture": "#1", "cullface": "up"},
				"down": {"uv": [16, 13, 13, 16], "texture": "#1"}
			}
		},
		{
			"from": [10, 14, 9],
			"to": [14, 20, 9],
			"rotation": {"angle": 0, "axis": "z", "origin": [14, 20, 9]},
			"faces": {
				"north": {"uv": [3, 12, 9, 16], "rotation": 270, "texture": "#1"},
				"east": {"uv": [0, 0, 6, 0], "rotation": 270, "texture": "#1"},
				"south": {"uv": [9, 12, 3, 16], "rotation": 90, "texture": "#1"},
				"west": {"uv": [0, 0, 6, 0], "rotation": 270, "texture": "#1"},
				"up": {"uv": [0, 0, 0, 4], "rotation": 90, "texture": "#1"},
				"down": {"uv": [0, 0, 0, 4], "rotation": 90, "texture": "#1"}
			}
		}
	],
	"gui_light": "front",
	"display": {
		"thirdperson_righthand": {
			"translation": [-1.5, -1.75, 0.75],
			"scale": [0.8, 0.8, 0.8]
		},
		"thirdperson_lefthand": {
			"translation": [0.25, -1.75, 0.75],
			"scale": [0.8, 0.8, 0.8]
		},
		"firstperson_righthand": {
			"rotation": [-14.04, -5.74, 2.33],
			"translation": [10.25, -6.75, -8.25]
		},
		"firstperson_lefthand": {
			"rotation": [-14.04, -5.74, 2.33],
			"translation": [12.25, -6.75, -8.25]
		},
		"ground": {
			"rotation": [30, -90, 0],
			"translation": [1, 0, -3.5],
			"scale": [0.7, 0.7, 0.7]
		},
		"gui": {
			"rotation": [20.95, -29.57, -32.14],
			"translation": [-3.5, -4.5, 0],
			"scale": [1.05, 1.05, 1.05]
		},
		"head": {
			"translation": [-1.25, 6.75, -1.5],
			"scale": [1.3, 1.3, 1.3]
		},
		"fixed": {
			"translation": [-2.25, -13.5, -3.5],
			"scale": [1.8, 1.8, 1.8]
		}
	},
	"groups": [
		{
			"name": "group",
			"origin": [8, 8, 8],
			"color": 0,
			"nbt": "{}",
			"armAnimationEnabled": false,
			"children": [0, 1]
		}
	]
}