{"credit":"Made with Blockbench","texture_size":[32,32],"textures":{"1":"item/book/book"},"elements":[{"from":[3.5,10,11],"to":[12.5,10,12],"rotation":{"angle":22.5,"axis":"x","origin":[8,10,11]},"faces":{"north":{"uv":[0,0,4.5,0],"texture":"#1"},"east":{"uv":[0,0,0.5,0],"texture":"#1"},"south":{"uv":[0,0,4.5,0],"texture":"#1"},"west":{"uv":[0,0,0.5,0],"texture":"#1"},"up":{"uv":[7.5,6.5,3,6],"texture":"#1"},"down":{"uv":[7.5,6.5,3,7],"texture":"#1"}}},{"from":[3.5,6,11],"to":[12.5,6,12],"rotation":{"angle":0,"axis":"x","origin":[8,5.65434,11]},"faces":{"north":{"uv":[0,0,4.5,0],"texture":"#1"},"east":{"uv":[0,0,0.5,0],"texture":"#1"},"south":{"uv":[0,0,4.5,0],"texture":"#1"},"west":{"uv":[0,0,0.5,0],"texture":"#1"},"up":{"uv":[7.5,7.5,3,7],"texture":"#1"},"down":{"uv":[7.5,7.5,3,8],"texture":"#1"}}},{"from":[3.5,6,5],"to":[12.5,10,11],"rotation":{"angle":0,"axis":"y","origin":[3.5,12,5]},"faces":{"north":{"uv":[4.5,0,9,2],"texture":"#1"},"east":{"uv":[4.5,4,7.5,6],"texture":"#1"},"south":{"uv":[4.5,2,9,4],"texture":"#1"},"west":{"uv":[0,6,3,8],"texture":"#1"},"up":{"uv":[4.5,3,0,0],"texture":"#1"},"down":{"uv":[4.5,3,0,6],"texture":"#1"}}}],"gui_light":"front","display":{"thirdperson_righthand":{"rotation":[0.91,1,87.23],"translation":[-1,-2,0]},"thirdperson_lefthand":{"rotation":[0.91,1,87.23],"translation":[-1,-2,0]},"firstperson_righthand":{"rotation":[-1.72,23.53,23.5],"translation":[3.25,1.5,-2.25]},"firstperson_lefthand":{"rotation":[179.69,-24.76,154.57],"translation":[4,1,-2.25]},"ground":{"rotation":[0,0,45],"translation":[0,1,0],"scale":[0.8,0.8,0.8]},"gui":{"rotation":[19.86,68.85,30.16],"translation":[-0.5,0.25,0],"scale":[1.45,1.45,1.45]},"head":{"translation":[0,9.4,0],"scale":[1.5,1.5,1.5]},"fixed":{"rotation":[-90,-90,0],"translation":[0.5,0,-4.25],"scale":[2,2,2]}},"groups":[{"name":"group","origin":[8,8,8],"color":0,"nbt":"{}","armAnimationEnabled":false,"children":[0,1,2]}]}