{"credit":"Made with Blockbench","texture_size":[32,32],"textures":{"0":"item/bow","particle":"item/bow"},"elements":[{"from":[4.56225,0.10863,7.53826],"to":[6.56225,10.10863,8.53826],"rotation":{"angle":0,"axis":"z","origin":[3.56225,5.10863,8.03826]},"faces":{"north":{"uv":[0,2,1,7],"texture":"#0"},"east":{"uv":[4.5,3,5,8],"texture":"#0"},"south":{"uv":[1,2,2,7],"texture":"#0"},"west":{"uv":[5,3,5.5,8],"texture":"#0"},"up":{"uv":[7.5,0.5,6.5,0],"texture":"#0"},"down":{"uv":[7.5,0.5,6.5,1],"texture":"#0"}}},{"from":[3.35416,15.30558,7.53826],"to":[14.35416,17.30558,8.53826],"rotation":{"angle":45,"axis":"z","origin":[8.85416,18.30558,8.03826]},"faces":{"north":{"uv":[0,0,5.5,1],"texture":"#0"},"east":{"uv":[5.5,6,6,7],"texture":"#0"},"south":{"uv":[0,1,5.5,2],"texture":"#0"},"west":{"uv":[6,6,6.5,7],"texture":"#0"},"up":{"uv":[10,2.5,4.5,2],"texture":"#0"},"down":{"uv":[10,2.5,4.5,3],"texture":"#0"}}},{"from":[4.3,9.57579,6.87026],"to":[7.72,13.57579,9.22225],"rotation":{"angle":-22.5,"axis":"z","origin":[6.24104,11.57579,8.04626]},"faces":{"north":{"uv":[3,2,4.5,4],"texture":"#0"},"east":{"uv":[5.5,0,6.5,2],"texture":"#0"},"south":{"uv":[3,4,4.5,6],"texture":"#0"},"west":{"uv":[5.5,3,6.5,5],"texture":"#0"},"up":{"uv":[7,6,5.5,5],"texture":"#0"},"down":{"uv":[4.5,6,3,7],"texture":"#0"}}},{"from":[9.1,0.21202,7.95375],"to":[10.1,21.21202,7.95375],"rotation":{"angle":-22.5,"axis":"z","origin":[9.81642,8.78158,7.95375],"rescale":true},"faces":{"north":{"uv":[2,2,2.5,12],"texture":"#0"},"east":{"uv":[0,0,0,10],"texture":"#0"},"south":{"uv":[2.5,2,3,12],"texture":"#0"},"west":{"uv":[0,0,0,10],"texture":"#0"},"up":{"uv":[0.5,0,0,0],"texture":"#0"},"down":{"uv":[0.5,0,0,0],"texture":"#0"}}}],"gui_light":"front","overrides":[{"predicate":{"pulling":1},"model":"item/bow_pulling_1"},{"predicate":{"pulling":1,"pull":0.5},"model":"item/bow_pulling_1"},{"predicate":{"pulling":1,"pull":1},"model":"item/bow_pulling_0"}],"display":{"thirdperson_righthand":{"rotation":[118.75,-80,140],"translation":[0.5,-4.5,2.5],"scale":[0.9,0.9,1.1]},"thirdperson_lefthand":{"rotation":[-53.65,78.96,32.29],"translation":[0.25,-4.5,2.5],"scale":[0.9,0.9,1.1]},"firstperson_righthand":{"rotation":[-6,-90,0],"translation":[4.13,2.45,-2.62],"scale":[0.7,0.7,0.9]},"firstperson_lefthand":{"rotation":[-27,88,17.62],"translation":[5.13,2.25,-2.75],"scale":[0.7,0.7,0.9]},"ground":{"translation":[0,3,0],"scale":[0.6,0.6,0.8]},"gui":{"rotation":[-47,17,-7],"translation":[-1.75,-1.5,0],"scale":[1.15,1.15,2.12]},"head":{"rotation":[0,-90,0],"translation":[0,14.5,0],"scale":[1,1,1.2]},"fixed":{"translation":[-1,-2.25,-0.75],"scale":[0.9,0.9,1.1]}},"groups":[{"name":"group","origin":[8,8,8],"color":0,"nbt":"{}","armAnimationEnabled":false,"children":[0,1,2,3]}]}