{"credit":"Made with Blockbench","textures":{"0":"item/bow_pulling_1","particle":"item/bow_pulling_1"},"elements":[{"from":[4.56225,0.10863,7.53826],"to":[6.56225,10.10863,8.53826],"rotation":{"angle":0,"axis":"z","origin":[3.56225,5.10863,8.03826]},"faces":{"north":{"uv":[0,1,0.5,3.5],"texture":"#0"},"east":{"uv":[2.25,1.5,2.5,4],"texture":"#0"},"south":{"uv":[0.5,1,1,3.5],"texture":"#0"},"west":{"uv":[2.5,1.5,2.75,4],"texture":"#0"},"up":{"uv":[3.75,0.25,3.25,0],"texture":"#0"},"down":{"uv":[3.75,0.25,3.25,0.5],"texture":"#0"}}},{"from":[3.35416,15.30558,7.53826],"to":[14.35416,17.30558,8.53826],"rotation":{"angle":45,"axis":"z","origin":[8.85416,18.30558,8.03826]},"faces":{"north":{"uv":[0,0,2.75,0.5],"texture":"#0"},"east":{"uv":[2.75,3,3,3.5],"texture":"#0"},"south":{"uv":[0,0.5,2.75,1],"texture":"#0"},"west":{"uv":[3,3,3.25,3.5],"texture":"#0"},"up":{"uv":[5,1.25,2.25,1],"texture":"#0"},"down":{"uv":[5,1.25,2.25,1.5],"texture":"#0"}}},{"from":[4.3,9.57579,6.87026],"to":[7.72,13.57579,9.22225],"rotation":{"angle":-22.5,"axis":"z","origin":[6.24104,11.57579,8.04626]},"faces":{"north":{"uv":[1.5,1,2.25,2],"texture":"#0"},"east":{"uv":[2.75,0,3.25,1],"texture":"#0"},"south":{"uv":[1.5,2,2.25,3],"texture":"#0"},"west":{"uv":[2.75,1.5,3.25,2.5],"texture":"#0"},"up":{"uv":[3.5,3,2.75,2.5],"texture":"#0"},"down":{"uv":[2.25,3,1.5,3.5],"texture":"#0"}}},{"from":[-4.78182,10.55585,5.5],"to":[12.21818,10.55585,10.5],"rotation":{"angle":-22.5,"axis":"z","origin":[8.47554,4.55585,9.1]},"faces":{"north":{"uv":[12,5.75,16,5],"texture":"#0"},"east":{"uv":[0,0,2.5,0],"texture":"#0"},"south":{"uv":[12,3.25,16,2.5],"texture":"#0"},"west":{"uv":[0,0,2.5,0],"texture":"#0"},"up":{"uv":[12,11,16,12.25],"texture":"#0"},"down":{"uv":[12,11,16,12.25],"texture":"#0"}}},{"from":[-4.78182,8.05585,8],"to":[12.21818,13.05585,8],"rotation":{"angle":-22.5,"axis":"z","origin":[8.47554,4.55585,9.1]},"faces":{"north":{"uv":[16,11,12,12.25],"texture":"#0"},"east":{"uv":[0,0,0,2.5],"texture":"#0"},"south":{"uv":[12,11,16,12.25],"texture":"#0"},"west":{"uv":[0,0,0,2.5],"texture":"#0"},"up":{"uv":[16,9,12,11.75],"texture":"#0"},"down":{"uv":[16,8.5,12,7.25],"texture":"#0"}}},{"from":[13.54863,8.95435,7.95375],"to":[14.54863,19.95435,7.95375],"rotation":{"angle":0,"axis":"z","origin":[14.39962,19.80168,7.95375]},"faces":{"north":{"uv":[10.75,3.125,10.875,5.75],"texture":"#0"},"east":{"uv":[11,3.125,11,5.75],"texture":"#0"},"south":{"uv":[11.125,3.125,11.25,5.75],"texture":"#0"},"west":{"uv":[11,3.125,11,5.75],"texture":"#0"},"up":{"uv":[0.125,0,0,0],"texture":"#0"},"down":{"uv":[0.125,0,0,0],"texture":"#0"}}},{"from":[5.66868,0.5782,7.95375],"to":[6.66868,11.5782,7.95375],"rotation":{"angle":-45,"axis":"z","origin":[6.39962,0.80168,7.95375]},"faces":{"north":{"uv":[10.5,3,10.75,5.75],"texture":"#0"},"east":{"uv":[0,0,0,2.75],"texture":"#0"},"south":{"uv":[10.5,3,10.75,5.75],"texture":"#0"},"west":{"uv":[0,0,0,2.75],"texture":"#0"},"up":{"uv":[0.25,0,0,0],"texture":"#0"},"down":{"uv":[0.25,0,0,0],"texture":"#0"}}}],"gui_light":"front","overrides":[{"predicate":{"pulling":1},"model":"item/bow_pulling_0"},{"predicate":{"pulling":1,"pull":0.5},"model":"item/bow_pulling_0"},{"predicate":{"pulling":1,"pull":1},"model":"item/bow_pulling_0"}],"display":{"thirdperson_righthand":{"rotation":[118.75,-80,140],"translation":[0.5,-4.5,2.5],"scale":[0.9,0.9,1.1]},"thirdperson_lefthand":{"rotation":[-53.65,78.96,32.29],"translation":[0.25,-4.5,2.5],"scale":[0.9,0.9,1.1]},"firstperson_righthand":{"rotation":[10.68,-75.43,7.93],"translation":[0.38,2.7,-3.12],"scale":[0.7,0.7,0.9]},"firstperson_lefthand":{"rotation":[-172.95,77.87,-179.07],"translation":[1.25,2.5,-3.25],"scale":[0.7,0.7,0.9]},"ground":{"translation":[0,2,0],"scale":[0.6,0.6,0.8]},"gui":{"rotation":[-47,17,-7],"translation":[-0.5,-2.25,0],"scale":[1.15,1.15,2.12]},"head":{"rotation":[0,-90,0],"translation":[0,14.5,0],"scale":[1,1,1.2]},"fixed":{"translation":[-1,-2.25,-0.75],"scale":[0.9,0.9,1.1]}},"groups":[{"name":"group","origin":[8,8,8],"color":0,"nbt":"{}","armAnimationEnabled":false,"children":[0,1,2]},{"name":"group","origin":[8,8,8],"color":0,"nbt":"{}","armAnimationEnabled":false,"children":[3,4]},{"name":"group","origin":[8,8,8],"color":0,"nbt":"{}","armAnimationEnabled":false,"children":[5,6]}]}