{"credit":"Made with Blockbench","texture_size":[32,32],"textures":{"0":"item/bow_pulling_0","particle":"item/bow_pulling_0"},"elements":[{"from":[6.3,-0.5,7.53826],"to":[8.3,9.5,8.53826],"rotation":{"angle":22.5,"axis":"z","origin":[3.56225,5.10863,8.03826]},"faces":{"north":{"uv":[0,1,0.5,3.5],"texture":"#0"},"east":{"uv":[2.25,1.5,2.5,4],"texture":"#0"},"south":{"uv":[0.5,1,1,3.5],"texture":"#0"},"west":{"uv":[2.5,1.5,2.75,4],"texture":"#0"},"up":{"uv":[3.75,0.25,3.25,0],"texture":"#0"},"down":{"uv":[3.75,0.25,3.25,0.5],"texture":"#0"}}},{"from":[4.35416,13.30558,7.53826],"to":[15.35416,15.30558,8.53826],"rotation":{"angle":22.5,"axis":"z","origin":[8.85416,18.30558,8.03826]},"faces":{"north":{"uv":[0,0,2.75,0.5],"texture":"#0"},"east":{"uv":[2.75,3,3,3.5],"texture":"#0"},"south":{"uv":[0,0.5,2.75,1],"texture":"#0"},"west":{"uv":[3,3,3.25,3.5],"texture":"#0"},"up":{"uv":[5,1.25,2.25,1],"texture":"#0"},"down":{"uv":[5,1.25,2.25,1.5],"texture":"#0"}}},{"from":[4.3,9.57579,6.87026],"to":[7.72,13.57579,9.22225],"rotation":{"angle":-22.5,"axis":"z","origin":[6.24104,11.57579,8.04626]},"faces":{"north":{"uv":[1.5,1,2.25,2],"texture":"#0"},"east":{"uv":[2.75,0,3.25,1],"texture":"#0"},"south":{"uv":[1.5,2,2.25,3],"texture":"#0"},"west":{"uv":[2.75,1.5,3.25,2.5],"texture":"#0"},"up":{"uv":[3.5,3,2.75,2.5],"texture":"#0"},"down":{"uv":[2.25,3,1.5,3.5],"texture":"#0"}}},{"from":[17.61,3,7.95375],"to":[18.61,14,7.95375],"rotation":{"angle":22.5,"axis":"z","origin":[11.22957,9.5646,7.95375]},"faces":{"north":{"uv":[15.5,7.75,15.75,10.5],"texture":"#0"},"east":{"uv":[0,0,0,2.75],"texture":"#0"},"south":{"uv":[15.5,7.75,15.75,10.5],"texture":"#0"},"west":{"uv":[0,0,0,2.75],"texture":"#0"},"up":{"uv":[0.25,0,0,0],"texture":"#0"},"down":{"uv":[0.25,0,0,0],"texture":"#0"}}},{"from":[8.46,3.3,7.95375],"to":[19.46,4.3,7.95375],"rotation":{"angle":22.5,"axis":"z","origin":[12.91449,5.08952,7.95375]},"faces":{"north":{"uv":[15.5,7.75,15.75,10.5],"rotation":90,"texture":"#0"},"east":{"uv":[0.25,0,0,0],"rotation":270,"texture":"#0"},"south":{"uv":[15.5,7.75,15.75,10.5],"rotation":270,"texture":"#0"},"west":{"uv":[0.25,0,0,0],"rotation":270,"texture":"#0"},"up":{"uv":[0,0,0,5.25],"rotation":270,"texture":"#0"},"down":{"uv":[0,0,0,5.25],"rotation":270,"texture":"#0"}}},{"from":[0.21818,10.55585,5.5],"to":[17.21818,10.55585,10.5],"rotation":{"angle":-22.5,"axis":"z","origin":[8.47554,4.55585,9.1]},"faces":{"north":{"uv":[12,11,16,11],"texture":"#0"},"east":{"uv":[0,0,1.25,0],"texture":"#0"},"south":{"uv":[12,11,16,11],"texture":"#0"},"west":{"uv":[0,0,1.25,0],"texture":"#0"},"up":{"uv":[12,12.25,16,11],"texture":"#0"},"down":{"uv":[16,12.25,12,13.5],"texture":"#0"}}},{"from":[0.21818,8.05585,8],"to":[17.21818,13.05585,8],"rotation":{"angle":-22.5,"axis":"z","origin":[8.47554,4.55585,9.1]},"faces":{"north":{"uv":[16,13.5,12,14.75],"texture":"#0"},"east":{"uv":[0,0,0,1.25],"texture":"#0"},"south":{"uv":[12,14.75,16,16],"texture":"#0"},"west":{"uv":[0,0,0,1.25],"texture":"#0"},"up":{"uv":[12,11,16,11],"texture":"#0"},"down":{"uv":[16,11,12,11],"texture":"#0"}}}],"gui_light":"front","display":{"thirdperson_righthand":{"rotation":[118.75,-80,140],"translation":[0.5,-4.5,2.5],"scale":[0.9,0.9,1.1]},"thirdperson_lefthand":{"rotation":[-53.65,78.96,32.29],"translation":[0.25,-4.5,2.5],"scale":[0.9,0.9,1.1]},"firstperson_righthand":{"rotation":[10.68,-75.43,7.93],"translation":[0.38,2.7,-3.12],"scale":[0.7,0.7,0.9]},"firstperson_lefthand":{"rotation":[-172.95,77.87,-179.07],"translation":[1.25,2.5,-3.25],"scale":[0.7,0.7,0.9]},"ground":{"translation":[0,2,0],"scale":[0.6,0.6,0.8]},"gui":{"rotation":[-47,17,-7],"translation":[-4,0,0],"scale":[1.15,1.15,2.12]},"head":{"rotation":[0,-90,0],"translation":[0,13,0],"scale":[1,1,1.2]},"fixed":{"translation":[-4,-1.75,-0.75],"scale":[0.9,0.9,1.1]}},"groups":[{"name":"group","origin":[8,8,8],"color":0,"children":[0,1,2,3,4]},{"name":"group","origin":[8,8,8],"color":0,"children":[5,6]}]}