{"credit":"Made with Blockbench","texture_size":[32,32],"textures":{"1":"item/bread","particle":"item/bread"},"elements":[{"from":[6,3,2],"to":[10,4,14],"faces":{"north":{"uv":[0,9,2,9.5],"texture":"#1"},"east":{"uv":[2,9,8,9.5],"texture":"#1"},"south":{"uv":[2,6.5,4,7],"texture":"#1"},"west":{"uv":[0,8.5,6,9],"texture":"#1"},"up":{"uv":[8,6,6,0],"texture":"#1"},"down":{"uv":[4,0,2,6],"texture":"#1"}}},{"from":[6,0,2],"to":[10,3,14],"faces":{"north":{"uv":[6,6,8,7.5],"texture":"#1"},"east":{"uv":[0,7,6,8.5],"texture":"#1"},"south":{"uv":[6,6,8,7.5],"texture":"#1"},"west":{"uv":[0,7,6,8.5],"texture":"#1"},"up":{"uv":[2,7,0,0],"texture":"#1"},"down":{"uv":[6,0,4,7],"texture":"#1"}}}],"gui_light":"front","display":{"thirdperson_righthand":{"rotation":[75.58,48.97,-0.81],"translation":[0.5,0.5,4],"scale":[1,1,0.91]},"thirdperson_lefthand":{"rotation":[75.58,48.97,-0.81],"translation":[0.5,0.5,4],"scale":[1,1,0.91]},"firstperson_righthand":{"rotation":[38.19,-63.68,48.07],"translation":[-1.5,7.25,0.5],"scale":[0.8,0.8,0.8]},"firstperson_lefthand":{"rotation":[38.19,-63.68,48.07],"translation":[-1.5,7.25,0.5],"scale":[0.8,0.8,0.8]},"ground":{"translation":[0,4.75,0]},"gui":{"rotation":[35.5,-30.88,-0.25],"translation":[0.2,7,0],"scale":[1.45,1.45,1.45]},"head":{"translation":[0,18.4,0],"scale":[1.5,1.5,1.5]},"fixed":{"rotation":[-90,0,0],"translation":[0,0,-15],"scale":[2,2,2]}},"groups":[{"name":"group","origin":[8,8,8],"color":0,"nbt":"{}","armAnimationEnabled":false,"children":[0,1]}]}