{"credit":"Made with Blockbench","texture_size":[32,32],"textures":{"0":"item/raw_cod","particle":"item/cod"},"elements":[{"name":"body","from":[7,5.25,3.25],"to":[9,9.25,10.25],"rotation":{"angle":0,"axis":"y","origin":[8,5.25,5.25]},"faces":{"north":{"uv":[3.5,13.5,4.5,15.5],"texture":"#0"},"east":{"uv":[0,13.5,3.5,15.5],"texture":"#0"},"south":{"uv":[8,13.5,9,15.5],"texture":"#0"},"west":{"uv":[4.5,13.5,8,15.5],"texture":"#0"},"up":{"uv":[4.5,13.5,3.5,10],"texture":"#0"},"down":{"uv":[5.5,10,4.5,13.5],"texture":"#0"}}},{"name":"right_fin","from":[9,6.25,4.25],"to":[11,6.25,6.25],"rotation":{"angle":0,"axis":"y","origin":[8,5.25,5.25]},"faces":{"north":{"uv":[13,11.5,14,11.5],"texture":"#0"},"east":{"uv":[12,11.5,13,11.5],"texture":"#0"},"south":{"uv":[15,11.5,16,11.5],"texture":"#0"},"west":{"uv":[14,11.5,15,11.5],"texture":"#0"},"up":{"uv":[14,11.5,13,10.5],"texture":"#0"},"down":{"uv":[15,10.5,14,11.5],"texture":"#0"}}},{"name":"left_fin","from":[5,6.25,4.25],"to":[7,6.25,6.25],"rotation":{"angle":0,"axis":"y","origin":[8,5.25,5.25]},"faces":{"north":{"uv":[13,13,14,13],"texture":"#0"},"east":{"uv":[12,13,13,13],"texture":"#0"},"south":{"uv":[15,13,16,13],"texture":"#0"},"west":{"uv":[14,13,15,13],"texture":"#0"},"up":{"uv":[14,13,13,12],"texture":"#0"},"down":{"uv":[15,12,14,13],"texture":"#0"}}},{"name":"head","from":[7,5.25,2.25],"to":[9,9.25,5.25],"rotation":{"angle":0,"axis":"y","origin":[8,5.25,5.25]},"faces":{"north":{"uv":[7,11.5,8,13.5],"texture":"#0"},"east":{"uv":[5.5,11.5,7,13.5],"texture":"#0"},"south":{"uv":[9.5,11.5,10.5,13.5],"texture":"#0"},"west":{"uv":[8,11.5,9.5,13.5],"texture":"#0"},"up":{"uv":[8,11.5,7,10],"texture":"#0"},"down":{"uv":[9,10,8,11.5],"texture":"#0"}}},{"name":"nose","from":[7,6.25,1.25],"to":[9,9.25,2.25],"rotation":{"angle":0,"axis":"y","origin":[8,5.25,5.25]},"faces":{"north":{"uv":[0.5,10.5,1.5,12],"texture":"#0"},"east":{"uv":[0,10.5,0.5,12],"texture":"#0"},"south":{"uv":[2,10.5,3,12],"texture":"#0"},"west":{"uv":[1.5,10.5,2,12],"texture":"#0"},"up":{"uv":[1.5,10.5,0.5,10],"texture":"#0"},"down":{"uv":[2.5,10,1.5,10.5],"texture":"#0"}}},{"name":"fin_back","from":[8,9.25,3.25],"to":[8,10.25,9.25],"rotation":{"angle":0,"axis":"y","origin":[8,5.25,5.25]},"faces":{"north":{"uv":[13,10,13,10.5],"texture":"#0"},"east":{"uv":[10,10,13,10.5],"texture":"#0"},"south":{"uv":[16,10,16,10.5],"texture":"#0"},"west":{"uv":[13,10,16,10.5],"texture":"#0"},"up":{"uv":[13,10,13,7],"texture":"#0"},"down":{"uv":[13,7,13,10],"texture":"#0"}}},{"name":"tail","from":[8,5.25,9.25],"to":[8,9.25,13.25],"rotation":{"angle":0,"axis":"y","origin":[8,5.25,5.25]},"faces":{"north":{"uv":[13,13.5,13,15.5],"texture":"#0"},"east":{"uv":[11,13.5,13,15.5],"texture":"#0"},"south":{"uv":[15,13.5,15,15.5],"texture":"#0"},"west":{"uv":[13,13.5,15,15.5],"texture":"#0"},"up":{"uv":[13,13.5,13,11.5],"texture":"#0"},"down":{"uv":[13,11.5,13,13.5],"texture":"#0"}}},{"from":[7,5.25,1.25],"to":[9,6.25,2.25],"faces":{"north":{"uv":[0.5,0.5,1.5,1],"texture":"#0"},"east":{"uv":[0,0.5,0.5,1],"texture":"#0"},"south":{"uv":[2,0.5,3,1],"texture":"#0"},"west":{"uv":[1.5,0.5,2,1],"texture":"#0"},"up":{"uv":[1.5,0.5,0.5,0],"texture":"#0"},"down":{"uv":[2.5,0,1.5,0.5],"texture":"#0"}}}],"gui_light":"front","display":{"thirdperson_righthand":{"rotation":[92,0,0],"translation":[0,-3.75,1.5]},"thirdperson_lefthand":{"rotation":[91.5,0,0],"translation":[0,-4,1.25]},"firstperson_righthand":{"rotation":[29.14,58.89,-68.27],"translation":[0.75,2.75,0.75]},"firstperson_lefthand":{"rotation":[0,25.75,-41.5],"translation":[0,3.75,1.75]},"ground":{"rotation":[0,0,-90],"translation":[0.25,0,0.5]},"gui":{"rotation":[132,40.17,-139.51],"translation":[1.75,0.25,0],"scale":[1.45,1.45,1.45]},"head":{"translation":[0,10.25,1.75],"scale":[1.5,1.5,1.5]},"fixed":{"rotation":[0,-90,0],"translation":[-2.25,0,-1.5],"scale":[2,2,2]}},"groups":[{"name":"group","origin":[8,5.25,5.25],"color":0,"nbt":"{}","armAnimationEnabled":false,"children":[0,1,2,3,4,5,6,7]}]}