{"credit":"Made with Blockbench","texture_size":[32,32],"textures":{"0":"item/cod_bucket"},"elements":[{"from":[6,1,10],"to":[10,9,11],"faces":{"north":{"uv":[3,3,4,5],"texture":"#0"},"east":{"uv":[4,3,4.25,5],"texture":"#0"},"south":{"uv":[0,4,1,6],"texture":"#0"},"west":{"uv":[4.25,3,4.5,5],"texture":"#0"},"up":{"uv":[4.25,5.25,3.25,5],"texture":"#0"},"down":{"uv":[6.25,0.25,5.25,0.5],"texture":"#0"}}},{"from":[6,1,5],"to":[10,9,6],"faces":{"north":{"uv":[1,4,2,6],"texture":"#0"},"east":{"uv":[4.5,0,4.75,2],"texture":"#0"},"south":{"uv":[2,4,3,6],"texture":"#0"},"west":{"uv":[4.5,2,4.75,4],"texture":"#0"},"up":{"uv":[6.25,0.75,5.25,0.5],"texture":"#0"},"down":{"uv":[6.25,0.75,5.25,1],"texture":"#0"}}},{"from":[5,1,5],"to":[6,9,11],"faces":{"north":{"uv":[4.5,4,4.75,6],"texture":"#0"},"east":{"uv":[0,0,1.5,2],"texture":"#0"},"south":{"uv":[4.75,0,5,2],"texture":"#0"},"west":{"uv":[1.5,0,3,2],"texture":"#0"},"up":{"uv":[5.25,1.5,5,0],"texture":"#0"},"down":{"uv":[5.25,1.5,5,3],"texture":"#0"}}},{"from":[6,7,6],"to":[10,8,10],"faces":{"north":{"uv":[2,0,4,0.5],"texture":"#0"},"east":{"uv":[2,0.5,4,1],"texture":"#0"},"south":{"uv":[2,1,4,1.5],"texture":"#0"},"west":{"uv":[2,1.5,4,2],"texture":"#0"},"up":{"uv":[6.25,2,5.25,1],"texture":"#0"},"down":{"uv":[2,2,0,4],"texture":"#0"}}},{"from":[10,1,5],"to":[11,9,11],"faces":{"north":{"uv":[4.75,2,5,4],"texture":"#0"},"east":{"uv":[0,2,1.5,4],"texture":"#0"},"south":{"uv":[4.75,4,5,6],"texture":"#0"},"west":{"uv":[1.5,2,3,4],"texture":"#0"},"up":{"uv":[3.25,6.5,3,5],"texture":"#0"},"down":{"uv":[5.25,3,5,4.5],"texture":"#0"}}},{"from":[5,0,5],"to":[11,1,11],"faces":{"north":{"uv":[5,4.5,6.5,4.75],"texture":"#0"},"east":{"uv":[5,4.75,6.5,5],"texture":"#0"},"south":{"uv":[5,5,6.5,5.25],"texture":"#0"},"west":{"uv":[5.25,0,6.75,0.25],"texture":"#0"},"up":{"uv":[4.5,1.5,3,0],"texture":"#0"},"down":{"uv":[4.5,1.5,3,3],"texture":"#0"}}},{"name":"body","from":[6.9,3.08909,5.99454],"to":[9.1,10.78909,10.39454],"rotation":{"angle":-22.5,"axis":"x","origin":[8,8.86409,6.91954]},"faces":{"north":{"uv":[14.25,11.25,13.75,13],"rotation":180,"texture":"#0"},"east":{"uv":[11.5,13,13.25,14],"rotation":270,"texture":"#0"},"south":{"uv":[13.75,13,13.25,11.25],"texture":"#0"},"west":{"uv":[13.75,13,15.5,14],"rotation":90,"texture":"#0"},"up":{"uv":[13.25,13,13.75,14],"rotation":180,"texture":"#0"},"down":{"uv":[15.5,13,16,14],"texture":"#0"}}},{"name":"right_fin","from":[9.1,7.48909,7.09454],"to":[11.3,9.68909,7.09454],"rotation":{"angle":-22.5,"axis":"x","origin":[8,8.86409,6.91954]},"faces":{"north":{"uv":[12,9.25,11.5,9.75],"rotation":180,"texture":"#0"},"east":{"uv":[10.5,9.75,11,9.75],"rotation":270,"texture":"#0"},"south":{"uv":[11.5,9.75,11,9.25],"texture":"#0"},"west":{"uv":[11.5,9.75,12,9.75],"rotation":90,"texture":"#0"},"up":{"uv":[11,9.75,11.5,9.75],"rotation":180,"texture":"#0"},"down":{"uv":[12,9.75,12.5,9.75],"texture":"#0"}}},{"name":"left_fin","from":[4.7,7.48909,7.09454],"to":[6.9,9.68909,7.09454],"rotation":{"angle":-22.5,"axis":"x","origin":[8,8.86409,6.91954]},"faces":{"north":{"uv":[15.25,10,14.75,10.5],"rotation":180,"texture":"#0"},"east":{"uv":[13.75,10.5,14.25,10.5],"rotation":270,"texture":"#0"},"south":{"uv":[14.75,10.5,14.25,10],"texture":"#0"},"west":{"uv":[14.75,10.5,15.25,10.5],"rotation":90,"texture":"#0"},"up":{"uv":[14.25,10.5,14.75,10.5],"rotation":180,"texture":"#0"},"down":{"uv":[15.25,10.5,15.75,10.5],"texture":"#0"}}},{"name":"head","from":[6.9,8.58909,5.99454],"to":[9.1,11.88909,10.39454],"rotation":{"angle":-22.5,"axis":"x","origin":[8,8.86409,6.91954]},"faces":{"north":{"uv":[15.25,14.25,14.75,15],"rotation":180,"texture":"#0"},"east":{"uv":[13.5,15,14.25,16],"rotation":270,"texture":"#0"},"south":{"uv":[14.75,15,14.25,14.25],"texture":"#0"},"west":{"uv":[14.75,15,15.5,16],"rotation":90,"texture":"#0"},"up":{"uv":[14.25,15,14.75,16],"rotation":180,"texture":"#0"},"down":{"uv":[15.5,15,16,16],"texture":"#0"}}},{"name":"nose","from":[6.9,11.88909,7.09454],"to":[9.1,12.98909,10.39454],"rotation":{"angle":-22.5,"axis":"x","origin":[8,8.86409,6.91954]},"faces":{"north":{"uv":[13.25,10,12.75,10.25],"rotation":180,"texture":"#0"},"east":{"uv":[12,10.25,12.25,11],"rotation":270,"texture":"#0"},"south":{"uv":[12.75,10.25,12.25,10],"texture":"#0"},"west":{"uv":[12.75,10.25,13,11],"rotation":90,"texture":"#0"},"up":{"uv":[12.25,10.25,12.75,11],"rotation":180,"texture":"#0"},"down":{"uv":[13,10.25,13.5,11],"texture":"#0"}}},{"name":"fin_back","from":[8,4.18909,10.39454],"to":[8,10.78909,11.49454],"rotation":{"angle":-22.5,"axis":"x","origin":[8,8.86409,6.91954]},"faces":{"north":{"uv":[14.25,8,14.25,9.5],"rotation":180,"texture":"#0"},"east":{"uv":[12.75,9.5,14.25,9.75],"rotation":270,"texture":"#0"},"south":{"uv":[14.25,9.5,14.25,8],"texture":"#0"},"west":{"uv":[14.25,9.5,15.75,9.75],"rotation":90,"texture":"#0"},"up":{"uv":[14.25,9.5,14.25,9.75],"rotation":180,"texture":"#0"},"down":{"uv":[15.75,9.5,15.75,9.75],"texture":"#0"}}},{"name":"tail","from":[8,-0.21091,5.99454],"to":[8,4.18909,10.39454],"rotation":{"angle":-22.5,"axis":"x","origin":[8,8.86409,6.91954]},"faces":{"north":{"uv":[6.5,5.75,6.5,6.75],"rotation":180,"texture":"#0"},"east":{"uv":[5.5,6.75,6.5,7.75],"rotation":270,"texture":"#0"},"south":{"uv":[6.5,6.75,6.5,5.75],"texture":"#0"},"west":{"uv":[6.5,6.75,7.5,7.75],"rotation":90,"texture":"#0"},"up":{"uv":[6.5,6.75,6.5,7.75],"rotation":180,"texture":"#0"},"down":{"uv":[7.5,6.75,7.5,7.75],"texture":"#0"}}},{"from":[6.9,11.88909,5.99454],"to":[9.1,12.98909,7.09454],"rotation":{"angle":-22.5,"axis":"x","origin":[8,8.86409,6.91954]},"faces":{"north":{"uv":[15.5,12,15,12.25],"rotation":180,"texture":"#0"},"east":{"uv":[14.25,12.25,14.5,12.5],"rotation":270,"texture":"#0"},"south":{"uv":[15,12.25,14.5,12],"texture":"#0"},"west":{"uv":[15,12.25,15.25,12.5],"rotation":90,"texture":"#0"},"up":{"uv":[14.5,12.25,15,12.5],"rotation":180,"texture":"#0"},"down":{"uv":[15.25,12.25,15.75,12.5],"texture":"#0"}}}],"gui_light":"front","display":{"thirdperson_righthand":{"rotation":[65.35,0.87,1.03],"translation":[-0.25,1,-0.75],"scale":[0.9,0.9,0.9]},"thirdperson_lefthand":{"rotation":[65.35,0.87,1.03],"translation":[0.25,1,-0.75],"scale":[0.9,0.9,0.9]},"firstperson_righthand":{"rotation":[24.74,-3.72,19.9],"translation":[2.25,5,-1.5]},"firstperson_lefthand":{"rotation":[-114.08,63.54,123.13],"translation":[1.75,4.5,-0.75]},"ground":{"translation":[0,4,0],"scale":[0.8,0.8,0.8]},"gui":{"rotation":[-114.88,-32.79,-156.45],"translation":[2,2.5,0],"scale":[1.3,1.3,1.3]},"head":{"translation":[0,17.75,-0.25],"scale":[1.5,1.5,1.5]},"fixed":{"rotation":[-90,-90,0],"translation":[0,0,-15.5],"scale":[2,2,2]}}}