{"credit":"Made with Blockbench","texture_size":[32,32],"textures":{"0":"item/cooked_salmon","particle":"item/cooked_salmon"},"elements":[{"name":"tail","from":[0,3.5,2],"to":[0,8.5,8],"faces":{"north":{"uv":[13,8,13,10.5],"texture":"#0"},"east":{"uv":[16,8,13,10.5],"texture":"#0"},"south":{"uv":[16,8,16,10.5],"texture":"#0"},"west":{"uv":[13,8,16,10.5],"texture":"#0"},"up":{"uv":[13,8,13,5],"texture":"#0"},"down":{"uv":[13,5,13,8],"texture":"#0"}}},{"name":"fin_back_2","from":[0,8.5,-1],"to":[0,10.5,3],"faces":{"north":{"uv":[2,3,2,4],"texture":"#0"},"east":{"uv":[4,3,2,4],"texture":"#0"},"south":{"uv":[4,3,4,4],"texture":"#0"},"west":{"uv":[2,3,4,4],"texture":"#0"},"up":{"uv":[2,3,2,1],"texture":"#0"},"down":{"uv":[2,1,2,3],"texture":"#0"}}},{"name":"head","from":[-1.5,3.5,-7],"to":[1.5,8.5,-4],"faces":{"north":{"uv":[11,7,12.5,9.5],"texture":"#0"},"east":{"uv":[15,3.5,13.5,6],"texture":"#0"},"south":{"uv":[15,1.5,16,3.5],"texture":"#0"},"west":{"uv":[13.5,3.5,15,6],"texture":"#0"},"up":{"uv":[14.5,7.5,13,6],"texture":"#0"},"down":{"uv":[16,6,14.5,7.5],"texture":"#0"}}},{"name":"fin_back_1","from":[0,8.5,-2],"to":[0,10.5,0],"faces":{"north":{"uv":[3,2,3,3],"texture":"#0"},"east":{"uv":[4,2,3,3],"texture":"#0"},"south":{"uv":[4,2,4,3],"texture":"#0"},"west":{"uv":[3,2,4,3],"texture":"#0"},"up":{"uv":[3,2,3,1],"texture":"#0"},"down":{"uv":[3,1,3,2],"texture":"#0"}}},{"name":"body_front","from":[-1.5,3.5,-4],"to":[1.5,8.5,4],"faces":{"north":{"uv":[4,4,5.5,6.5],"texture":"#0"},"east":{"uv":[9.5,4,5.5,6.5],"texture":"#0"},"south":{"uv":[9.5,4,11,6.5],"texture":"#0"},"west":{"uv":[5.5,4,9.5,6.5],"texture":"#0"},"up":{"uv":[5.5,4,4,0],"texture":"#0"},"down":{"uv":[7,0,5.5,4],"texture":"#0"}}}],"gui_light":"front","display":{"thirdperson_righthand":{"rotation":[90.5,-1,0.12],"translation":[8.25,-9.5,3.25]},"thirdperson_lefthand":{"rotation":[90.5,0,0],"translation":[-8.25,-9,2.25]},"firstperson_righthand":{"rotation":[-0.12,43,-62],"translation":[8.25,-5,0.25]},"firstperson_lefthand":{"rotation":[-0.12,43,-62],"translation":[4.25,8.75,4.5]},"ground":{"rotation":[0,0,-90],"translation":[2.25,-7.25,7.75]},"gui":{"rotation":[132,40.17,-139.51],"translation":[2,-2.5,0],"scale":[1.18,1.18,1.18]},"fixed":{"rotation":[0,-90,0],"translation":[-13.5,3.75,13],"scale":[1.9,1.9,1.9]}},"groups":[{"name":"group","origin":[8,8,8],"color":0,"nbt":"{}","armAnimationEnabled":false,"children":[{"name":"tail","origin":[0,6,12],"color":0,"nbt":"{}","armAnimationEnabled":false,"children":[0]},{"name":"fin_back_2","origin":[0,10.5,3],"color":0,"nbt":"{}","armAnimationEnabled":false,"children":[1]},{"name":"head","origin":[0,6,-4],"color":0,"nbt":"{}","armAnimationEnabled":false,"children":[2]},{"name":"fin_back_1","origin":[0,10.5,1],"color":0,"nbt":"{}","armAnimationEnabled":false,"children":[3]},{"name":"body_back","origin":[0,6,4],"color":0,"nbt":"{}","armAnimationEnabled":false,"children":[]},{"name":"body_front","origin":[0,6,-4],"color":0,"nbt":"{}","armAnimationEnabled":false,"children":[4,{"name":"right_fin","origin":[1.5,4.5,-3],"color":0,"nbt":"{}","armAnimationEnabled":false,"children":[]},{"name":"left_fin","origin":[-1.5,4.5,-3],"color":0,"nbt":"{}","armAnimationEnabled":false,"children":[]}]}]}]}