{"credit":"Made with Blockbench","texture_size":[32,32],"textures":{"1":"item/crossbow_arrow"},"elements":[{"from":[0.91421,5.27817,13.9],"to":[3.91421,10.27817,16.9],"rotation":{"angle":0,"axis":"z","origin":[6.66324,7.89131,15.11084]},"faces":{"north":{"uv":[4,4,5.5,6.5],"texture":"#1"},"east":{"uv":[5.5,4,7,6.5],"texture":"#1"},"south":{"uv":[4,6.5,5.5,9],"texture":"#1"},"west":{"uv":[5.5,6.5,7,9],"texture":"#1"},"up":{"uv":[1.5,9.5,0,8],"texture":"#1"},"down":{"uv":[3,8,1.5,9.5],"texture":"#1"}}},{"from":[2.31848,5.64655,15],"to":[4.35848,13.80655,16],"rotation":{"angle":-45,"axis":"z","origin":[6.66324,7.89131,15.11084]},"faces":{"north":{"uv":[0,4,1,8],"texture":"#1"},"east":{"uv":[3,8,3.5,12],"texture":"#1"},"south":{"uv":[1,4,2,8],"texture":"#1"},"west":{"uv":[3.5,8,4,12],"texture":"#1"},"up":{"uv":[9.5,3.5,8.5,3],"texture":"#1"},"down":{"uv":[9.5,3.5,8.5,4],"texture":"#1"}}},{"from":[-0.54103,6.43998,14],"to":[15.45897,9.43998,15],"rotation":{"angle":0,"axis":"z","origin":[6.66324,7.89131,15.11084]},"faces":{"north":{"uv":[0,0,8.5,1.5],"texture":"#1"},"east":{"uv":[8.5,0,9,1.5],"texture":"#1"},"south":{"uv":[0,1.5,8.5,3],"texture":"#1"},"west":{"uv":[8.5,1.5,9,3],"texture":"#1"},"up":{"uv":[8.5,3.5,0,3],"texture":"#1"},"down":{"uv":[8.5,3.5,0,4],"texture":"#1"}}},{"from":[11.51869,3.45597,15.488],"to":[12.4783,13.67423,15.488],"rotation":{"angle":-45,"axis":"z","origin":[6.66324,7.89131,15.11084]},"faces":{"north":{"uv":[7,4,7.5,9.5],"texture":"#1"},"east":{"uv":[0,0,0,5.5],"texture":"#1"},"south":{"uv":[7.5,4,8,9.5],"texture":"#1"},"west":{"uv":[0,0,0,5.5],"texture":"#1"},"up":{"uv":[0.5,0,0,0],"texture":"#1"},"down":{"uv":[0.5,0,0,0],"texture":"#1"}}},{"from":[2.2,2.02294,15],"to":[4.2,10.02294,16],"rotation":{"angle":45,"axis":"z","origin":[6.66324,7.89131,15.11084]},"faces":{"north":{"uv":[2,4,3,8],"texture":"#1"},"east":{"uv":[8,4,8.5,8],"texture":"#1"},"south":{"uv":[3,4,4,8],"texture":"#1"},"west":{"uv":[8,8,8.5,12],"texture":"#1"},"up":{"uv":[9.5,4.5,8.5,4],"texture":"#1"},"down":{"uv":[9.5,4.5,8.5,5],"texture":"#1"}}},{"from":[11.50275,2.06777,15.488],"to":[12.48195,12.49457,15.488],"rotation":{"angle":45,"axis":"z","origin":[6.66324,7.89131,15.11084]},"faces":{"north":{"uv":[7,4,7.5,9.5],"texture":"#1"},"east":{"uv":[0,0,0,5.5],"texture":"#1"},"south":{"uv":[7,4,7.5,9.5],"texture":"#1"},"west":{"uv":[0,0,0,5.5],"texture":"#1"},"up":{"uv":[0.5,0,0,0],"texture":"#1"},"down":{"uv":[0.5,0,0,0],"texture":"#1"}}},{"from":[-2.24264,7.8,13.22168],"to":[13.75736,7.8,18.22168],"rotation":{"angle":0,"axis":"z","origin":[6.66324,7.89131,15.11084]},"faces":{"up":{"uv":[8,13.5,16,16],"rotation":180,"texture":"#1"},"down":{"uv":[8,16,16,13.5],"rotation":180,"texture":"#1"}}},{"from":[-2.24264,5.3,15.72168],"to":[13.75736,10.3,15.72168],"rotation":{"angle":0,"axis":"z","origin":[6.66324,7.89131,15.11084]},"faces":{"north":{"uv":[16,13.5,8,16],"rotation":180,"texture":"#1"},"south":{"uv":[8,13.5,16,16],"rotation":180,"texture":"#1"}}}],"gui_light":"front","display":{"thirdperson_righthand":{"rotation":[-90,0,-105],"translation":[2,-5.65,-2],"scale":[0.9,0.9,0.9]},"thirdperson_lefthand":{"rotation":[-90,0,75],"translation":[2,-5.65,-2.25],"scale":[0.9,0.9,0.9]},"firstperson_righthand":{"rotation":[-90,-1,-98],"translation":[2,-2.5,0],"scale":[0.8,0.8,0.8]},"firstperson_lefthand":{"rotation":[-90,0,92],"translation":[-3.5,-1.05,1.13],"scale":[0.8,0.8,0.8]},"ground":{"rotation":[0,0,-45],"translation":[0,3.5,-5.25],"scale":[0.7,0.7,0.72]},"gui":{"rotation":[0,0,-45],"translation":[0.75,-0.75,0]},"head":{"rotation":[-90,0,-90],"translation":[-0.5,0.25,0]},"fixed":{"rotation":[0,-180,-45],"translation":[-0.75,0,8.75],"scale":[1.5,1.5,1.5]}},"groups":[{"name":"group","origin":[8,8,8],"color":0,"nbt":"{}","armAnimationEnabled":false,"children":[{"name":"group","origin":[8,8,8],"color":0,"nbt":"{}","armAnimationEnabled":false,"children":[0,1,2,3,4,5]},{"name":"group","origin":[8,8,8],"color":0,"nbt":"{}","armAnimationEnabled":false,"children":[6,7]}]}]}