{"credit":"Made with Blockbench","texture_size":[32,32],"textures":{"4":"item/crossbow3D"},"elements":[{"from":[0.91421,5.27817,13.9],"to":[3.91421,10.27817,16.9],"rotation":{"angle":0,"axis":"z","origin":[1.41421,7.77817,15.5]},"faces":{"north":{"uv":[4,4,5.5,6.5],"texture":"#4"},"east":{"uv":[5.5,4,7,6.5],"texture":"#4"},"south":{"uv":[4,6.5,5.5,9],"texture":"#4"},"west":{"uv":[5.5,6.5,7,9],"texture":"#4"},"up":{"uv":[1.5,9.5,0,8],"texture":"#4"},"down":{"uv":[3,8,1.5,9.5],"texture":"#4"}}},{"from":[4.67749,8.69123,15],"to":[6.71749,16.85123,16],"rotation":{"angle":-45,"axis":"z","origin":[4.16749,12.26123,15.5]},"faces":{"north":{"uv":[0,4,1,8],"texture":"#4"},"east":{"uv":[3,8,3.5,12],"texture":"#4"},"south":{"uv":[1,4,2,8],"texture":"#4"},"west":{"uv":[3.5,8,4,12],"texture":"#4"},"up":{"uv":[9.5,3.5,8.5,3],"texture":"#4"},"down":{"uv":[9.5,3.5,8.5,4],"texture":"#4"}}},{"from":[-0.54103,6.3,14],"to":[15.45897,9.3,15],"rotation":{"angle":0,"axis":"z","origin":[7.73097,7.96998,14.5]},"faces":{"north":{"uv":[0,0,8.5,1.5],"texture":"#4"},"east":{"uv":[8.5,0,9,1.5],"texture":"#4"},"south":{"uv":[0,1.5,8.5,3],"texture":"#4"},"west":{"uv":[8.5,1.5,9,3],"texture":"#4"},"up":{"uv":[8.5,3.5,0,3],"texture":"#4"},"down":{"uv":[8.5,3.5,0,4],"texture":"#4"}}},{"from":[8.16,2.0776,15.488],"to":[9.18,14.8776,15.488],"rotation":{"angle":0,"axis":"y","origin":[0,0,0.512]},"faces":{"north":{"uv":[7,4,7.5,9.5],"texture":"#4"},"east":{"uv":[0,0,0,5.5],"texture":"#4"},"south":{"uv":[7.5,4,8,9.5],"texture":"#4"},"west":{"uv":[0,0,0,5.5],"texture":"#4"},"up":{"uv":[0.5,0,0,0],"texture":"#4"},"down":{"uv":[0.5,0,0,0],"texture":"#4"}}},{"from":[3.02,-5.31802,15],"to":[5.02,2.68198,16],"rotation":{"angle":45,"axis":"z","origin":[-1.76777,3.18198,15.5]},"faces":{"north":{"uv":[2,4,3,8],"texture":"#4"},"east":{"uv":[8,4,8.5,8],"texture":"#4"},"south":{"uv":[3,4,4,8],"texture":"#4"},"west":{"uv":[8,8,8.5,12],"texture":"#4"},"up":{"uv":[9.5,4.5,8.5,4],"texture":"#4"},"down":{"uv":[9.5,4.5,8.5,5],"texture":"#4"}}}],"gui_light":"front","overrides":[{"predicate":{"pulling":1},"model":"item/crossbow_pulling_0"},{"predicate":{"pulling":1,"pull":0.58},"model":"item/crossbow_pulling_0"},{"predicate":{"pulling":1,"pull":1},"model":"item/crossbow_pulling_0"},{"predicate":{"charged":1},"model":"item/crossbow_arrow"},{"predicate":{"charged":1,"firework":1},"model":"item/crossbow_firework"}],"display":{"thirdperson_righthand":{"rotation":[-90,0,-105],"translation":[2,-5.65,-3],"scale":[0.9,0.9,0.9]},"thirdperson_lefthand":{"rotation":[-90,0,75],"translation":[2,-5.65,-3],"scale":[0.9,0.9,0.9]},"firstperson_righthand":{"rotation":[-90,0,-90],"translation":[-0.5,-4.05,1.13],"scale":[0.9,0.9,0.9]},"firstperson_lefthand":{"rotation":[-90,0,90],"translation":[-1.62,-4.3,1.13],"scale":[0.9,0.9,0.9]},"ground":{"rotation":[0,0,-45],"translation":[0,3.5,-5.25],"scale":[0.7,0.7,0.72]},"gui":{"rotation":[0,0,-45]},"head":{"rotation":[-90,0,-90],"translation":[-0.5,0.5,0]},"fixed":{"rotation":[0,-180,-45],"translation":[-0.75,-0.25,10],"scale":[1.5,1.5,1.5]}},"groups":[{"name":"group","origin":[8,8,8],"color":0,"nbt":"{}","armAnimationEnabled":false,"children":[0,1,2,3,4]}]}