{
	"credit": "Made with Blockbench",
	"texture_size": [32, 32],
	"textures": {
		"0": "item/diamond_sword",
		"particle": "item/diamond_sword"
	},
	"elements": [
		{
			"from": [9, -2, 7],
			"to": [20, 2, 8],
			"rotation": {"angle": 45, "axis": "z", "origin": [0, 0, 3]},
			"faces": {
				"north": {"uv": [0, 0, 5.5, 2], "texture": "#0"},
				"east": {"uv": [7, 7.5, 7.5, 9.5], "texture": "#0"},
				"south": {"uv": [0, 2, 5.5, 4], "texture": "#0"},
				"west": {"uv": [7.5, 7.5, 8, 9.5], "texture": "#0"},
				"up": {"uv": [10.5, 4.5, 5, 4], "texture": "#0"},
				"down": {"uv": [10.5, 4.5, 5, 5], "texture": "#0"}
			}
		},
		{
			"from": [7, -5, 6],
			"to": [9, 5, 9],
			"rotation": {"angle": 45, "axis": "z", "origin": [0, 0, 3]},
			"faces": {
				"north": {"uv": [3, 4, 4, 9], "texture": "#0"},
				"east": {"uv": [0, 4, 1.5, 9], "texture": "#0"},
				"south": {"uv": [4, 4, 5, 9], "texture": "#0"},
				"west": {"uv": [1.5, 4, 3, 9], "texture": "#0"},
				"up": {"uv": [6, 9, 5, 7.5], "texture": "#0"},
				"down": {"uv": [7, 7.5, 6, 9], "texture": "#0"}
			}
		},
		{
			"from": [20, -1, 7],
			"to": [22, 1, 8],
			"rotation": {"angle": 45, "axis": "z", "origin": [0, 0, 3]},
			"faces": {
				"north": {"uv": [8, 0, 9, 1], "texture": "#0"},
				"east": {"uv": [8.5, 1, 9, 2], "texture": "#0"},
				"south": {"uv": [8, 6, 9, 7], "texture": "#0"},
				"west": {"uv": [8.5, 2, 9, 3], "texture": "#0"},
				"up": {"uv": [9.5, 3.5, 8.5, 3], "texture": "#0"},
				"down": {"uv": [9.5, 3.5, 8.5, 4], "texture": "#0"}
			}
		},
		{
			"from": [0, 0, 6],
			"to": [3, 3, 9],
			"rotation": {"angle": 0, "axis": "y", "origin": [0, 0, 3]},
			"faces": {
				"north": {"uv": [5.5, 1, 7, 2.5], "texture": "#0"},
				"east": {"uv": [5.5, 2.5, 7, 4], "texture": "#0"},
				"south": {"uv": [5, 6, 6.5, 7.5], "texture": "#0"},
				"west": {"uv": [6.5, 6, 8, 7.5], "texture": "#0"},
				"up": {"uv": [8.5, 2.5, 7, 1], "texture": "#0"},
				"down": {"uv": [8.5, 2.5, 7, 4], "texture": "#0"}
			}
		},
		{
			"from": [2, -1, 7],
			"to": [7, 1, 8],
			"rotation": {"angle": 45, "axis": "z", "origin": [0, 0, 3]},
			"faces": {
				"north": {"uv": [5, 5, 7.5, 6], "texture": "#0"},
				"east": {"uv": [8, 7, 8.5, 8], "texture": "#0"},
				"south": {"uv": [5.5, 0, 8, 1], "texture": "#0"},
				"west": {"uv": [8, 8, 8.5, 9], "texture": "#0"},
				"up": {"uv": [10, 5.5, 7.5, 5], "texture": "#0"},
				"down": {"uv": [10, 5.5, 7.5, 6], "texture": "#0"}
			}
		}
	],
	"gui_light": "front",
	"display": {
		"thirdperson_righthand": {
			"rotation": [-19.83, 87.75, 64.45],
			"translation": [0, 4, 3.25]
		},
		"thirdperson_lefthand": {
			"rotation": [75.13, 88.14, -119.85],
			"translation": [0, 3.75, 2.75]
		},
		"firstperson_righthand": {
			"rotation": [37, -71.75, 60.25],
			"translation": [0, 4.75, 0.25],
			"scale": [0.72, 0.73, 0.72]
		},
		"firstperson_lefthand": {
			"rotation": [19, -90, -44],
			"translation": [0.25, 4.5, 0.25],
			"scale": [0.72, 0.72, 0.73]
		},
		"ground": {
			"translation": [0, 3, 0],
			"scale": [0.7, 0.7, 0.7]
		},
		"fixed": {
			"translation": [0.5, 0.25, -0.25],
			"scale": [1.3, 1.3, 1.3]
		}
	},
	"groups": [
		{
			"name": "group",
			"origin": [0, 0, 3],
			"color": 0,
			"children": [0, 1, 2, 3, 4]
		}
	]
}