{
	"credit": "Made with Blockbench",
	"texture_size": [32, 32],
	"textures": {
		"1": "item/diamond_leggings"
	},
	"elements": [
		{
			"from": [6.5, 0.25, 3.5],
			"to": [9.5, 12.25, 6.5],
			"rotation": {"angle": 0, "axis": "y", "origin": [7.5, 2.25, 3.5]},
			"faces": {
				"north": {"uv": [0, 0, 1.5, 6], "texture": "#1"},
				"east": {"uv": [1.5, 0, 3, 6], "texture": "#1"},
				"south": {"uv": [7.5, 0, 9, 6], "texture": "#1"},
				"west": {"uv": [1.5, 6, 3, 12], "texture": "#1"},
				"up": {"uv": [3, 7, 4.5, 5.5], "texture": "#1"},
				"down": {"uv": [6, 2.5, 4.5, 4], "texture": "#1"}
			}
		},
		{
			"from": [6.5, 0.25, 9.5],
			"to": [9.5, 12.25, 12.5],
			"rotation": {"angle": 0, "axis": "y", "origin": [7.5, 2.25, 3.5]},
			"faces": {
				"north": {"uv": [7.5, 0, 9, 6], "texture": "#1"},
				"east": {"uv": [1.5, 6, 3, 12], "texture": "#1"},
				"south": {"uv": [1.5, 0, 0, 6], "texture": "#1"},
				"west": {"uv": [1.5, 0, 3, 6], "texture": "#1"},
				"up": {"uv": [4.5, 5.5, 3, 7], "texture": "#1"},
				"down": {"uv": [4.5, 2.5, 3, 4], "texture": "#1"}
			}
		},
		{
			"from": [6.5, 7.25, 6.5],
			"to": [9.5, 12.25, 9.5],
			"rotation": {"angle": 0, "axis": "y", "origin": [7.5, 2.25, 3.5]},
			"faces": {
				"east": {"uv": [3, 0, 4.5, 2.5], "texture": "#1"},
				"west": {"uv": [3, 0, 4.5, 2.5], "texture": "#1"},
				"up": {"uv": [4.5, 5.5, 3, 4], "texture": "#1"},
				"down": {"uv": [6, 0, 4.5, 1.5], "texture": "#1"}
			}
		}
	],
	"gui_light": "front",
	"display": {
		"thirdperson_righthand": {
			"rotation": [128.41, 81.06, -71.47],
			"translation": [0, -3, -3]
		},
		"thirdperson_lefthand": {
			"rotation": [128.41, 81.06, -71.47],
			"translation": [0, -3, -3]
		},
		"firstperson_righthand": {
			"rotation": [12.5, 0, 0],
			"translation": [4.75, 2.75, -3.75]
		},
		"firstperson_lefthand": {
			"rotation": [12.5, 0, 0],
			"translation": [4.75, 2.75, -3.75]
		},
		"ground": {
			"translation": [0, 3.5, 0],
			"scale": [0.6, 0.6, 0.6]
		},
		"gui": {
			"rotation": [-163.81, 57.95, 132.32],
			"translation": [-0.75, 1.5, 0],
			"scale": [1.12, 1.12, 1.12]
		},
		"head": {
			"rotation": [0, 90, 0],
			"translation": [0, 19.25, 0],
			"scale": [1.7, 1.7, 1.7]
		},
		"fixed": {
			"rotation": [0, 90, 0],
			"translation": [0, 3.25, -2],
			"scale": [2, 2, 2]
		}
	},
	"groups": [
		{
			"name": "group",
			"origin": [7.5, 2.25, 3.5],
			"color": 0,
			"nbt": "{}",
			"armAnimationEnabled": false,
			"children": [0, 1, 2]
		}
	]
}