{
	"credit": "Made with Blockbench",
	"textures": {
		"0": "item/bottles/dragon_breath",
		"particle": "item/bottles/dragon_breath"
	},
	"elements": [
		{
			"from": [4.2, 7, 6.2],
			"to": [7.8, 9, 9.8],
			"faces": {
				"north": {"uv": [14, 8, 16, 9], "texture": "#0"},
				"east": {"uv": [14, 10, 16, 11], "texture": "#0"},
				"south": {"uv": [14, 9, 16, 10], "texture": "#0"},
				"west": {"uv": [14, 11, 16, 12], "texture": "#0"},
				"up": {"uv": [16, 16, 14, 14], "texture": "#0"},
				"down": {"uv": [16, 12, 14, 14], "texture": "#0"}
			}
		},
		{
			"from": [4.5, 5, 6.5],
			"to": [7.5, 8, 9.5],
			"faces": {
				"north": {"uv": [14.5, 6.5, 16, 8], "texture": "#0"},
				"east": {"uv": [14.5, 6.5, 16, 8], "texture": "#0"},
				"south": {"uv": [14.5, 6.5, 16, 8], "texture": "#0"},
				"west": {"uv": [14.5, 6.5, 16, 8], "texture": "#0"},
				"up": {"uv": [14.5, 8, 13, 6.5], "texture": "#0"},
				"down": {"uv": [8.5, 9, 7, 10.5], "texture": "#0"}
			}
		},
		{
			"from": [3, 0, 5],
			"to": [9, 5, 11],
			"faces": {
				"north": {"uv": [9.5, 12, 12.5, 14.5], "texture": "#0"},
				"east": {"uv": [9.5, 12, 12.5, 14.5], "texture": "#0"},
				"south": {"uv": [9.5, 12, 12.5, 14.5], "texture": "#0"},
				"west": {"uv": [9.5, 12, 12.5, 14.5], "texture": "#0"},
				"up": {"uv": [11.5, 10, 8.5, 7], "texture": "#0"},
				"down": {"uv": [11.5, 7, 8.5, 10], "texture": "#0"}
			}
		},
		{
			"from": [3.1, 0, 5.1],
			"to": [8.9, 4.9, 10.9],
			"faces": {
				"north": {"uv": [10, 10, 12.5, 12], "texture": "#0"},
				"east": {"uv": [11.5, 8, 14, 10], "texture": "#0"},
				"south": {"uv": [11, 3.5, 13.5, 5.5], "texture": "#0"},
				"west": {"uv": [11, 1.5, 13.5, 3.5], "texture": "#0"},
				"up": {"uv": [16, 6.5, 13.5, 4], "texture": "#0"},
				"down": {"uv": [16, 1.5, 13.5, 4], "texture": "#0"}
			}
		},
		{
			"from": [4.8, 4.8, 6.7],
			"to": [7.3, 7.8, 9.3],
			"faces": {
				"north": {"uv": [12.5, 10, 14, 11.5], "texture": "#0"},
				"east": {"uv": [12.5, 13, 14, 14.5], "texture": "#0"},
				"south": {"uv": [12.5, 11.5, 14, 13], "texture": "#0"},
				"west": {"uv": [12.5, 14.5, 14, 16], "texture": "#0"},
				"up": {"uv": [13, 8, 11.5, 6.5], "texture": "#0"},
				"down": {"uv": [13, 6.5, 11.5, 8], "texture": "#0"}
			}
		}
	],
	"gui_light": "front",
	"display": {
		"thirdperson_righthand": {
			"translation": [1.5, 0, 0],
			"scale": [0.9, 0.9, 0.9]
		},
		"thirdperson_lefthand": {
			"translation": [-1.75, 0, 0],
			"scale": [0.9, 0.9, 0.9]
		},
		"firstperson_righthand": {
			"rotation": [11.52, 13.1, -1.7],
			"translation": [3, 4, 0]
		},
		"firstperson_lefthand": {
			"rotation": [11.52, 13.1, -1.7],
			"translation": [1.75, 4, 0]
		},
		"ground": {
			"translation": [1.5, 3.25, 0.25],
			"scale": [0.7, 0.7, 0.7]
		},
		"gui": {
			"rotation": [10.5, -28, 0],
			"translation": [3.25, 5, 0],
			"scale": [1.4, 1.4, 1.4]
		},
		"head": {
			"translation": [2.25, 16, 0],
			"scale": [1.2, 1.2, 1.2]
		},
		"fixed": {
			"rotation": [-90, 0, 0],
			"translation": [4, 0, -13.5],
			"scale": [1.7, 1.7, 1.7]
		}
	},
	"groups": [
		{
			"name": "group",
			"origin": [0, 0, 0],
			"color": 0,
			"nbt": "{}",
			"armAnimationEnabled": false,
			"children": [0, 1, 2, 3, 4]
		}
	]
}