{
	"credit": "Made with Blockbench",
	"textures": {
		"0": "item/bottles/experience_bottle",
		"particle": "item/bottles/experience_bottle"
	},
	"elements": [
		{
			"from": [4.2, 7, 6.2],
			"to": [7.8, 9, 9.8],
			"faces": {
				"north": {"uv": [16, 15, 14, 16], "texture": "#0"},
				"east": {"uv": [14, 15, 16, 16], "texture": "#0"},
				"south": {"uv": [16, 15, 14, 16], "texture": "#0"},
				"west": {"uv": [14, 15, 16, 16], "texture": "#0"},
				"up": {"uv": [16, 15, 14, 13], "texture": "#0"},
				"down": {"uv": [16, 11, 14, 13], "texture": "#0"}
			}
		},
		{
			"from": [4.5, 2, 6.5],
			"to": [7.5, 8, 9.5],
			"faces": {
				"north": {"uv": [14.5, 8, 16, 11], "texture": "#0"},
				"east": {"uv": [14.5, 8, 16, 11], "texture": "#0"},
				"south": {"uv": [14.5, 8, 16, 11], "texture": "#0"},
				"west": {"uv": [14.5, 8, 16, 11], "texture": "#0"},
				"up": {"uv": [7, 10.5, 5.5, 9], "texture": "#0"},
				"down": {"uv": [8.5, 9, 7, 10.5], "texture": "#0"}
			}
		},
		{
			"from": [3, 0, 5],
			"to": [9, 5, 11],
			"faces": {
				"north": {"uv": [11, 13.5, 14, 16], "texture": "#0"},
				"east": {"uv": [11, 13.5, 14, 16], "texture": "#0"},
				"south": {"uv": [11, 13.5, 14, 16], "texture": "#0"},
				"west": {"uv": [11, 13.5, 14, 16], "texture": "#0"},
				"up": {"uv": [14, 13.5, 11, 10.5], "texture": "#0"},
				"down": {"uv": [11, 13, 8, 16], "texture": "#0"}
			}
		},
		{
			"from": [3.2, 0.2, 5.2],
			"to": [8.8, 4.8, 10.8],
			"faces": {
				"north": {"uv": [13.5, 6, 16, 8], "texture": "#0", "tintindex": 0},
				"east": {"uv": [13.5, 6, 16, 8], "texture": "#0", "tintindex": 0},
				"south": {"uv": [13.5, 6, 16, 8], "texture": "#0", "tintindex": 0},
				"west": {"uv": [13.5, 6, 16, 8], "texture": "#0", "tintindex": 0},
				"up": {"uv": [16, 3.5, 13.5, 1], "texture": "#0", "tintindex": 0},
				"down": {"uv": [16, 3.5, 13.5, 6], "texture": "#0", "tintindex": 0}
			}
		},
		{
			"from": [4.505, 4.175, 6.505],
			"to": [7.495, 7.625, 9.495],
			"rotation": {"angle": 0, "axis": "y", "origin": [6, 5.9, 8]},
			"faces": {
				"north": {"uv": [13, 8, 14.5, 9.5], "texture": "#0"},
				"east": {"uv": [13, 8, 14.5, 9.5], "texture": "#0"},
				"south": {"uv": [13, 8, 14.5, 9.5], "texture": "#0"},
				"west": {"uv": [13, 8, 14.5, 9.5], "texture": "#0"},
				"up": {"uv": [1.5, 13.5, 0, 12], "texture": "#0"},
				"down": {"uv": [3, 12, 1.5, 13.5], "texture": "#0"}
			}
		}
	],
	"gui_light": "front",
	"display": {
		"thirdperson_righthand": {
			"translation": [1.5, 0.5, 0.5],
			"scale": [0.9, 0.9, 0.9]
		},
		"thirdperson_lefthand": {
			"translation": [-1.75, -0.5, 0],
			"scale": [0.9, 0.9, 0.9]
		},
		"firstperson_righthand": {
			"rotation": [9, 0, 0],
			"translation": [5, 5, 0]
		},
		"firstperson_lefthand": {
			"rotation": [11.52, 13.1, -1.7],
			"translation": [1.75, 4, 0]
		},
		"ground": {
			"translation": [1.5, 3.25, 0.25],
			"scale": [0.7, 0.7, 0.7]
		},
		"gui": {
			"rotation": [172.82, -41.13, -156.95],
			"translation": [0.5, 6, 0],
			"scale": [1.25, 1.35, 1.25]
		},
		"head": {
			"translation": [2.25, 16, 0],
			"scale": [1.2, 1.2, 1.2]
		},
		"fixed": {
			"rotation": [-90, 0, 0],
			"translation": [4, 0, -13.5],
			"scale": [1.7, 1.7, 1.7]
		}
	},
	"groups": [
		{
			"name": "group",
			"origin": [0, 0, 0],
			"color": 0,
			"nbt": "{}",
			"armAnimationEnabled": false,
			"children": [0, 1, 2]
		},
		3,
		4
	]
}