{"credit":"Made with Blockbench","textures":{"1":"item/firework_rocket"},"elements":[{"from":[6.25,2.75,7],"to":[7.25,6.75,7],"rotation":{"angle":0,"axis":"z","origin":[6.75,8,16]},"faces":{"north":{"uv":[13,9,16,9.5],"rotation":270,"texture":"#1"},"east":{"uv":[3,0,0,0],"rotation":90,"texture":"#1"},"south":{"uv":[13,9.5,16,10],"rotation":90,"texture":"#1"},"west":{"uv":[3,0,0,0],"rotation":90,"texture":"#1"},"up":{"uv":[0,0,0,0.5],"rotation":90,"texture":"#1"},"down":{"uv":[13,0,14,4.5],"rotation":90,"texture":"#1"}}},{"from":[5.75,6.75,6],"to":[7.75,15.75,8],"rotation":{"angle":0,"axis":"z","origin":[6.75,8,16]},"faces":{"north":{"uv":[15,4.5,16,9],"texture":"#1"},"east":{"uv":[14,0,15,4.5],"texture":"#1"},"south":{"uv":[15,4.5,16,9],"texture":"#1"},"west":{"uv":[15,0,16,4.5],"texture":"#1"},"up":{"uv":[15,5.5,14,4.5],"texture":"#1"},"down":{"uv":[15,5.5,14,6.5],"texture":"#1"}}}],"gui_light":"front","display":{"thirdperson_righthand":{"rotation":[-171.15,36.7,170.92],"translation":[-0.75,-3.15,0.25],"scale":[0.9,0.9,0.9]},"thirdperson_lefthand":{"rotation":[-171.15,36.7,170.92],"translation":[1.5,-3.15,2.5],"scale":[0.9,0.9,0.9]},"firstperson_righthand":{"rotation":[-90,85,92],"translation":[3.75,2.25,-1.25],"scale":[0.8,0.8,0.8]},"firstperson_lefthand":{"rotation":[-90,85,92],"translation":[4,2.45,0.38],"scale":[0.8,0.8,0.8]},"ground":{"translation":[1,3,0.5],"scale":[0.7,0.7,0.7]},"gui":{"rotation":[21.2,-0.07,-41.95],"translation":[0,-3.5,0],"scale":[1.5,1.5,1.5]},"head":{"translation":[1.5,9,0],"scale":[1.3,1.3,1.3]},"fixed":{"rotation":[0,-180,-45],"translation":[0,-2.5,-2.75],"scale":[1.5,1.5,1.5]}},"groups":[{"name":"group","origin":[8,8,8],"color":0,"nbt":"{}","armAnimationEnabled":false,"children":[0,1]}]}