{
	"credit": "Made with Blockbench",
	"textures": {
		"2": "item/bottles/glass_bottle",
		"particle": "item/bottles/glass_bottle"
	},
	"elements": [
		{
			"from": [4.2, 7, 6.2],
			"to": [7.8, 9, 9.8],
			"faces": {
				"north": {"uv": [14, 11, 16, 12], "texture": "#2"},
				"east": {"uv": [14, 12, 16, 13], "texture": "#2"},
				"south": {"uv": [14, 10, 16, 11], "texture": "#2"},
				"west": {"uv": [14, 15, 16, 16], "texture": "#2"},
				"up": {"uv": [16, 15, 14, 13], "texture": "#2"},
				"down": {"uv": [16, 8, 14, 10], "texture": "#2"}
			}
		},
		{
			"from": [4.5, 5, 6.5],
			"to": [7.5, 8, 9.5],
			"faces": {
				"north": {"uv": [14.5, 6.5, 16, 8], "texture": "#2"},
				"east": {"uv": [14.5, 6.5, 16, 8], "texture": "#2"},
				"south": {"uv": [14.5, 6.5, 16, 8], "texture": "#2"},
				"west": {"uv": [14.5, 6.5, 16, 8], "texture": "#2"},
				"up": {"uv": [16, 6.5, 14.5, 5], "texture": "#2"},
				"down": {"uv": [8.5, 9, 7, 10.5], "texture": "#2"}
			}
		},
		{
			"from": [3, 0, 5],
			"to": [9, 5, 11],
			"faces": {
				"north": {"uv": [13, 2.5, 16, 5], "texture": "#2"},
				"east": {"uv": [13, 2.5, 16, 5], "texture": "#2"},
				"south": {"uv": [13, 2.5, 16, 5], "texture": "#2"},
				"west": {"uv": [0, 6, 3, 8.5], "texture": "#2"},
				"up": {"uv": [3, 3, 0, 0], "texture": "#2"},
				"down": {"uv": [3, 3, 0, 6], "texture": "#2"}
			}
		}
	],
	"gui_light": "front",
	"display": {
		"thirdperson_righthand": {
			"translation": [1.75, 0.25, 0],
			"scale": [0.9, 0.9, 0.9]
		},
		"thirdperson_lefthand": {
			"translation": [-1.75, 0, 0],
			"scale": [0.9, 0.9, 0.9]
		},
		"firstperson_righthand": {
			"rotation": [11.52, 13.1, -1.7],
			"translation": [3, 4, 0]
		},
		"firstperson_lefthand": {
			"rotation": [11.52, 13.1, -1.7],
			"translation": [1.75, 4, 0]
		},
		"ground": {
			"translation": [1.5, 3.25, 0.25],
			"scale": [0.7, 0.7, 0.7]
		},
		"gui": {
			"rotation": [10.5, -28, 0],
			"translation": [3.25, 5, 0],
			"scale": [1.4, 1.4, 1.4]
		},
		"head": {
			"translation": [2.25, 16, 0],
			"scale": [1.2, 1.2, 1.2]
		},
		"fixed": {
			"rotation": [-90, 0, 0],
			"translation": [4, 0, -13.5],
			"scale": [1.7, 1.7, 1.7]
		}
	},
	"groups": [
		{
			"name": "group",
			"origin": [0, 0, 0],
			"color": 0,
			"nbt": "{}",
			"armAnimationEnabled": false,
			"children": [0, 1, 2]
		}
	]
}