{
	"credit": "Made with Blockbench",
	"textures": {
		"0": "item/goat_horn",
		"particle": "item/goat_horn"
	},
	"elements": [
		{
			"from": [7.5, 6, 6],
			"to": [11.5, 13, 10],
			"rotation": {"angle": 0, "axis": "y", "origin": [9, 12.5, 0]},
			"faces": {
				"north": {"uv": [0, 0, 2, 3.5], "texture": "#0"},
				"east": {"uv": [2, 0, 4, 3.5], "texture": "#0"},
				"south": {"uv": [2, 0, 0, 3.5], "texture": "#0"},
				"west": {"uv": [2, 3.5, 4, 7], "texture": "#0"},
				"up": {"uv": [16, 11.5, 14, 9.5], "texture": "#0"},
				"down": {"uv": [16, 7.5, 14, 9.5], "texture": "#0"}
			}
		},
		{
			"from": [3.5, 5, 6.5],
			"to": [9.5, 8, 9.5],
			"rotation": {"angle": 0, "axis": "z", "origin": [5, 10, 8]},
			"faces": {
				"north": {"uv": [14.5, 13, 11.5, 14.5], "texture": "#0"},
				"east": {"uv": [14.5, 13, 16, 14.5], "texture": "#0"},
				"south": {"uv": [11.5, 13, 14.5, 14.5], "texture": "#0"},
				"west": {"uv": [14.5, 14.5, 16, 16], "texture": "#0"},
				"up": {"uv": [14.5, 16, 11.5, 14.5], "texture": "#0"},
				"down": {"uv": [16, 11.5, 13, 13], "texture": "#0"}
			}
		}
	],
	"gui_light": "front",
	"display": {
		"thirdperson_righthand": {
			"rotation": [2.88, 75.42, -21.57],
			"translation": [-0.25, 1, 1.25]
		},
		"thirdperson_lefthand": {
			"rotation": [175.2, -73.23, -168.47],
			"translation": [-0.25, 1.5, 1.25]
		},
		"firstperson_righthand": {
			"rotation": [-83.54, 69.97, 89.05],
			"translation": [2.75, 1.25, -1.25],
			"scale": [0.82, 1, 1]
		},
		"firstperson_lefthand": {
			"rotation": [126.19, -79.69, 114.45],
			"translation": [2.75, 1.25, -1.25],
			"scale": [0.82, 1, 1]
		},
		"ground": {
			"rotation": [0, 0, -24],
			"scale": [0.7, 0.7, 0.7]
		},
		"gui": {
			"rotation": [-147.88, -22.69, -157.36],
			"translation": [0, -1.25, 0],
			"scale": [1.5, 1.5, 1.5]
		},
		"head": {
			"rotation": [0, -90, 180],
			"translation": [0, -5, -5.75],
			"scale": [1.4, 1.4, 1.4]
		},
		"fixed": {
			"rotation": [0, 4.25, 0],
			"translation": [1, -2, -3.75],
			"scale": [2, 2, 2]
		}
	},
	"groups": [
		{
			"name": "group",
			"origin": [5, 10, 8],
			"color": 0,
			"nbt": "{}",
			"armAnimationEnabled": false,
			"children": [0, 1]
		}
	]
}