{"credit":"Made with Blockbench","texture_size":[32,32],"textures":{"0":"item/golden_shovel","particle":"item/golden_shovel"},"elements":[{"from":[7,3,7],"to":[9,18.2768,9],"faces":{"north":{"uv":[0,0,1,7.5],"texture":"#0"},"east":{"uv":[1,0,2,7.5],"texture":"#0"},"south":{"uv":[2,0,3,7.5],"texture":"#0"},"west":{"uv":[2.5,0,3.5,7.5],"texture":"#0"},"up":{"uv":[1.5,8.5,0.5,7.5],"texture":"#0"},"down":{"uv":[2.5,7.5,1.5,8.5],"texture":"#0"}}},{"from":[5.408,16.24,7.408],"to":[10.612,23.24,8.612],"faces":{"north":{"uv":[11,0,13.5,3.5],"texture":"#0"},"east":{"uv":[15.5,7,16,10.5],"texture":"#0"},"south":{"uv":[13.5,0,16,3.5],"texture":"#0"},"west":{"uv":[11,4,11.5,7.5],"texture":"#0"},"up":{"uv":[16,4,13.5,3.5],"texture":"#0"},"down":{"uv":[13.5,3.5,11,4],"texture":"#0"}}},{"from":[6.408,2.99,6.408],"to":[9.612,5.99,9.612],"faces":{"north":{"uv":[11.5,5.5,13,7],"texture":"#0"},"east":{"uv":[11.5,4,13,5.5],"texture":"#0"},"south":{"uv":[13,4,14.5,5.5],"texture":"#0"},"west":{"uv":[14.5,5.5,16,7],"texture":"#0"},"up":{"uv":[14.5,7,13,5.5],"texture":"#0"},"down":{"uv":[16,4,14.5,5.5],"texture":"#0"}}}],"gui_light":"front","display":{"thirdperson_righthand":{"translation":[0,-2.5,1.5],"scale":[0.9,0.9,0.9]},"thirdperson_lefthand":{"translation":[0,-2.75,2],"scale":[0.9,0.9,0.9]},"firstperson_righthand":{"rotation":[-14,1,1],"translation":[3.75,1.75,-1.25],"scale":[0.8,0.8,0.8]},"firstperson_lefthand":{"rotation":[-14,1,1],"translation":[1.75,3.25,1],"scale":[0.6,0.6,0.6]},"ground":{"rotation":[36,0,0],"translation":[0,3,0],"scale":[0.6,0.6,0.6]},"gui":{"rotation":[175,7,-134],"translation":[-3.5,-3.5,0],"scale":[0.9,0.9,0.9]},"head":{"translation":[0,11.5,0]},"fixed":{"translation":[0,-6.75,-1],"scale":[1.3,1.3,1.3]}}}