{
	"credit": "Made with Blockbench",
	"texture_size": [32, 32],
	"textures": {
		"0": "item/golden_helmet",
		"particle": "item/golden_helmet"
	},
	"elements": [
		{
			"from": [4, 8.5, 4],
			"to": [12, 11.5, 12],
			"rotation": {"angle": 0, "axis": "y", "origin": [4, 4.5, 4]},
			"faces": {
				"north": {"uv": [4, 4, 8, 5.5], "texture": "#0"},
				"east": {"uv": [4, 5.5, 8, 7], "texture": "#0"},
				"south": {"uv": [4, 7, 8, 8.5], "texture": "#0"},
				"west": {"uv": [0, 8, 4, 9.5], "texture": "#0"},
				"up": {"uv": [4, 4, 0, 0], "texture": "#0"},
				"down": {"uv": [4, 4, 0, 8], "texture": "#0"}
			}
		},
		{
			"from": [4, 4.5, 9],
			"to": [12, 8.5, 12],
			"faces": {
				"north": {"uv": [4, 0, 8, 2], "texture": "#0"},
				"east": {"uv": [8, 3, 9.5, 5], "texture": "#0"},
				"south": {"uv": [4, 2, 8, 4], "texture": "#0"},
				"west": {"uv": [8, 5, 9.5, 7], "texture": "#0"},
				"down": {"uv": [12, 1.5, 8, 3], "texture": "#0"}
			}
		},
		{
			"from": [4, 4.5, 7],
			"to": [6, 8.5, 9],
			"faces": {
				"north": {"uv": [8, 7, 9, 9], "texture": "#0"},
				"east": {"uv": [4, 8.5, 5, 10.5], "texture": "#0"},
				"west": {"uv": [6, 8.5, 7, 10.5], "texture": "#0"},
				"down": {"uv": [2, 9.5, 1, 10.5], "texture": "#0"}
			}
		},
		{
			"from": [10, 4.5, 7],
			"to": [12, 8.5, 9],
			"faces": {
				"north": {"uv": [7, 8.5, 8, 10.5], "texture": "#0"},
				"east": {"uv": [9, 7, 10, 9], "texture": "#0"},
				"west": {"uv": [9, 9, 10, 11], "texture": "#0"},
				"down": {"uv": [4, 9.5, 3, 10.5], "texture": "#0"}
			}
		}
	],
	"gui_light": "front",
	"display": {
		"thirdperson_righthand": {
			"rotation": [31, 0, 0],
			"translation": [0, 2, 0],
			"scale": [0.8, 0.8, 0.8]
		},
		"thirdperson_lefthand": {
			"rotation": [31, 0, 0],
			"translation": [0, 2, 0],
			"scale": [0.8, 0.8, 0.8]
		},
		"firstperson_righthand": {
			"rotation": [136.07, 68.98, -130.46],
			"translation": [4.75, -0.25, -5.25]
		},
		"firstperson_lefthand": {
			"rotation": [136.07, 68.98, -130.46],
			"translation": [4.75, -0.25, -5.25]
		},
		"ground": {
			"rotation": [26, 0, 0],
			"translation": [0, 1, 0],
			"scale": [0.5, 0.5, 0.5]
		},
		"gui": {
			"rotation": [-153.81, 19.88, 158.46],
			"translation": [0, -0.75, 0],
			"scale": [1.25, 1.25, 1.25]
		},
		"head": {
			"rotation": [-52.5, 0, 0],
			"translation": [0, 10.5, 0],
			"scale": [1.5, 1.5, 1.5]
		},
		"fixed": {
			"rotation": [-140.5, 0, 0],
			"translation": [0, 0, -5.5],
			"scale": [2, 2, 2]
		}
	},
	"groups": [
		{
			"name": "group",
			"origin": [8, 8, 8],
			"color": 0,
			"nbt": "{}",
			"armAnimationEnabled": false,
			"children": [0, 1, 2, 3]
		}
	]
}