{"credit":"Made with Blockbench","texture_size":[32,32],"textures":{"0":"item/heart_of_the_sea","particle":"item/heart_of_the_sea"},"elements":[{"from":[2,0,6],"to":[10,8,14],"faces":{"north":{"uv":[0,0,4,4],"texture":"#0"},"east":{"uv":[0,4,4,8],"texture":"#0"},"south":{"uv":[4,0,8,4],"texture":"#0"},"west":{"uv":[4,4,8,8],"texture":"#0"},"up":{"uv":[4,12,0,8],"texture":"#0"},"down":{"uv":[12,0,8,4],"texture":"#0"}}}],"gui_light":"front","display":{"thirdperson_righthand":{"translation":[0,3.75,0],"scale":[0.75,0.75,0.75]},"thirdperson_lefthand":{"translation":[-3,4.75,0],"scale":[0.75,0.75,0.75]},"firstperson_righthand":{"rotation":[14.94,3.8,4.06],"translation":[10.25,2.75,-8.75]},"firstperson_lefthand":{"rotation":[20.5,0,0],"translation":[5.5,4,-7.75]},"ground":{"translation":[1.25,3,-1.5],"scale":[0.7,0.7,0.7]},"gui":{"rotation":[59.21,-62.02,31.28],"translation":[1.75,3.8,0],"scale":[1.15,1.15,1.15]},"head":{"translation":[2,14.25,-2]},"fixed":{"rotation":[-90,0,0],"translation":[3,-3.5,-11],"scale":[1.5,1.5,1.5]}}}