{
	"credit": "Made with Blockbench",
	"textures": {
		"0": "item/bottles/honey_bottle",
		"particle": "item/bottles/honey_bottle"
	},
	"elements": [
		{
			"from": [4.2, 7, 6.2],
			"to": [7.8, 9, 9.8],
			"faces": {
				"north": {"uv": [14, 8, 16, 9], "texture": "#0"},
				"east": {"uv": [14, 9, 16, 10], "texture": "#0"},
				"south": {"uv": [14, 10, 16, 11], "texture": "#0"},
				"west": {"uv": [14, 11, 16, 12], "texture": "#0"},
				"up": {"uv": [16, 16, 14, 14], "texture": "#0"},
				"down": {"uv": [16, 12, 14, 14], "texture": "#0"}
			}
		},
		{
			"from": [4.5, 5, 6.5],
			"to": [7.5, 8, 9.5],
			"faces": {
				"north": {"uv": [11, 4, 12.5, 5.5], "texture": "#0"},
				"east": {"uv": [12, 0.5, 13.5, 2], "texture": "#0"},
				"south": {"uv": [11, 5.5, 12.5, 7], "texture": "#0"},
				"west": {"uv": [10.5, 3, 12, 4.5], "texture": "#0"},
				"up": {"uv": [11.5, 10, 10, 8.5], "texture": "#0"},
				"down": {"uv": [11.5, 7, 10, 8.5], "texture": "#0"}
			}
		},
		{
			"from": [3, 0, 5],
			"to": [9, 5, 11],
			"faces": {
				"north": {"uv": [8.5, 13.5, 11.5, 16], "texture": "#0"},
				"east": {"uv": [8.5, 13.5, 11.5, 16], "texture": "#0"},
				"south": {"uv": [8.5, 13.5, 11.5, 16], "texture": "#0"},
				"west": {"uv": [8.5, 13.5, 11.5, 16], "texture": "#0"},
				"up": {"uv": [10, 10.5, 7, 7.5], "texture": "#0"},
				"down": {"uv": [11.5, 10.5, 8.5, 13.5], "texture": "#0"}
			}
		},
		{
			"from": [4.6, 4, 6.6],
			"to": [7.4, 6.4, 9.4],
			"faces": {
				"north": {"uv": [14.5, 6.5, 16, 8], "texture": "#0"},
				"east": {"uv": [14.5, 2, 16, 3.5], "texture": "#0"},
				"south": {"uv": [12.5, 5.5, 14, 7], "texture": "#0"},
				"west": {"uv": [14.5, 3.5, 16, 5], "texture": "#0"},
				"up": {"uv": [16, 6.5, 14.5, 5], "texture": "#0"},
				"down": {"uv": [14, 4, 12.5, 5.5], "texture": "#0"}
			}
		},
		{
			"from": [3.2, 0.3, 5.2],
			"to": [8.8, 4.7, 10.8],
			"faces": {
				"north": {"uv": [11.5, 9, 14, 11], "texture": "#0", "tintindex": 0},
				"east": {"uv": [11.5, 7, 14, 9], "texture": "#0", "tintindex": 0},
				"south": {"uv": [12, 2, 14.5, 4], "texture": "#0", "tintindex": 0},
				"west": {"uv": [13.5, 0, 16, 2], "texture": "#0", "tintindex": 0},
				"up": {"uv": [14, 16, 11.5, 13.5], "texture": "#0", "tintindex": 0},
				"down": {"uv": [14, 11, 11.5, 13.5], "texture": "#0", "tintindex": 0}
			}
		}
	],
	"gui_light": "front",
	"display": {
		"thirdperson_righthand": {
			"translation": [1.75, 0.25, 0.25],
			"scale": [0.9, 0.9, 0.9]
		},
		"thirdperson_lefthand": {
			"translation": [-2.25, 0.25, 0.25],
			"scale": [0.9, 0.9, 0.9]
		},
		"firstperson_righthand": {
			"rotation": [11.52, 13.1, -1.7],
			"translation": [3, 4, 0]
		},
		"firstperson_lefthand": {
			"rotation": [11.52, 13.1, -1.7],
			"translation": [1.75, 4, 0]
		},
		"ground": {
			"translation": [1.5, 3.25, 0.25],
			"scale": [0.7, 0.7, 0.7]
		},
		"gui": {
			"rotation": [10.5, -28, 0],
			"translation": [3.25, 5, 0],
			"scale": [1.4, 1.4, 1.4]
		},
		"head": {
			"translation": [2.25, 16, 0],
			"scale": [1.2, 1.2, 1.2]
		},
		"fixed": {
			"rotation": [-90, 0, 0],
			"translation": [4, 0, -13.5],
			"scale": [1.7, 1.7, 1.7]
		}
	},
	"groups": [
		{
			"name": "group",
			"origin": [0, 0, 0],
			"color": 0,
			"nbt": "{}",
			"armAnimationEnabled": false,
			"children": [0, 1, 2, 3, 4]
		}
	]
}