{
	"texture_size": [8, 16],
	"textures": {
		"0": "item/iron_boots",
		"particle": "item/iron_boots"
	},
	"elements": [
		{
			"from": [3.8, 1, 6],
			"to": [7.8, 9, 10],
			"faces": {
				"north": {"uv": [8, 8, 16, 16], "texture": "#0"},
				"east": {"uv": [8, 0, 0, 8], "texture": "#0"},
				"south": {"uv": [0, 8, 8, 16], "texture": "#0"},
				"west": {"uv": [0, 0, 8, 8], "texture": "#0"},
				"up": {"uv": [16, 4, 8, 0], "texture": "#0"},
				"down": {"uv": [16, 4, 8, 8], "texture": "#0"}
			}
		},
		{
			"from": [8, 1, 6],
			"to": [12, 9, 10],
			"rotation": {"angle": 22.5, "axis": "x", "origin": [11, 5, 8]},
			"faces": {
				"north": {"uv": [8, 8, 16, 16], "texture": "#0"},
				"east": {"uv": [16, 8, 8, 16], "texture": "#0"},
				"south": {"uv": [0, 8, 8, 16], "texture": "#0"},
				"west": {"uv": [8, 8, 16, 16], "texture": "#0"},
				"up": {"uv": [16, 4, 8, 0], "texture": "#0"},
				"down": {"uv": [16, 4, 8, 8], "texture": "#0"}
			}
		}
	],
	"gui_light": "front",
	"display": {
		"thirdperson_righthand": {
			"rotation": [52, 0, 0],
			"translation": [-0.25, -1, 0],
			"scale": [0.8, 0.8, 0.8]
		},
		"thirdperson_lefthand": {
			"rotation": [52, 0, 0],
			"translation": [-0.25, -1, 0],
			"scale": [0.8, 0.8, 0.8]
		},
		"firstperson_righthand": {
			"rotation": [-180, 55, -180],
			"translation": [3.25, 3.25, -4.75]
		},
		"firstperson_lefthand": {
			"rotation": [-180, 55, -180],
			"translation": [5.5, 1.5, -4.75]
		},
		"ground": {
			"translation": [0, 2, 0],
			"scale": [0.5, 0.5, 0.5]
		},
		"gui": {
			"rotation": [179.63, 17.16, -166.74],
			"translation": [0.75, 3, 0],
			"scale": [1.15, 1.15, 1.15]
		},
		"head": {
			"translation": [0, 13.25, 0]
		},
		"fixed": {
			"rotation": [0, 180, 0],
			"translation": [0, 2.5, -1.75]
		}
	},
	"groups": [
		{
			"name": "group",
			"origin": [11, 5, 8],
			"color": 0,
			"nbt": "{}",
			"armAnimationEnabled": false,
			"children": [0, 1]
		}
	]
}