{
	"credit": "Made with Blockbench",
	"texture_size": [32, 32],
	"textures": {
		"1": "item/ingots+bricks/iron_ingot"
	},
	"elements": [
		{
			"from": [0, 0, 0],
			"to": [5, 5, 11],
			"faces": {
				"north": {"uv": [5, 5, 7.5, 7.5], "texture": "#1"},
				"east": {"uv": [5.5, 2.5, 0, 5], "texture": "#1"},
				"south": {"uv": [5, 5, 7.5, 7.5], "texture": "#1"},
				"west": {"uv": [0, 2.5, 5.5, 5], "texture": "#1"},
				"up": {"uv": [2.5, 10.5, 0, 5], "texture": "#1"},
				"down": {"uv": [5, 5, 2.5, 10.5], "texture": "#1"}
			}
		}
	],
	"gui_light": "front",
	"display": {
		"thirdperson_righthand": {
			"rotation": [-88.64, -61.07, -167.99],
			"translation": [-3, -2, 3.25],
			"scale": [0.8, 0.8, 0.8]
		},
		"thirdperson_lefthand": {
			"rotation": [-115.14, -61.07, -167.99],
			"translation": [0.75, 5.75, 0.25],
			"scale": [0.8, 0.8, 0.8]
		},
		"firstperson_righthand": {
			"rotation": [-142.14, 70.88, 140.57],
			"translation": [5.25, 5.5, -10.5]
		},
		"firstperson_lefthand": {
			"rotation": [-142.14, 70.88, 140.57],
			"translation": [7.75, 5.5, 0]
		},
		"ground": {
			"translation": [4, 4, 1.75],
			"scale": [0.8, 0.8, 0.8]
		},
		"gui": {
			"rotation": [27.9, -37.2, 8.2],
			"translation": [3, 4, 0],
			"scale": [1.3, 1.3, 1.3]
		},
		"head": {
			"translation": [7.25, 16.75, 3.25],
			"scale": [1.3, 1.3, 1.3]
		},
		"fixed": {
			"rotation": [-90, 0, 0],
			"translation": [10, 3.75, -14],
			"scale": [1.8, 1.8, 1.8]
		}
	}
}