{
	"credit": "Made with Blockbench",
	"texture_size": [32, 32],
	"textures": {
		"0": "item/leather_chestplate",
		"particle": "item/leather_chestplate"
	},
	"elements": [
		{
			"from": [0.02431, 4.91898, 6.5],
			"to": [4.02431, 8.91898, 10.5],
			"rotation": {"angle": -22.5, "axis": "z", "origin": [7.5, 7.2706, 9]},
			"faces": {
				"north": {"uv": [8, 0, 10, 2], "texture": "#0"},
				"east": {"uv": [8, 2, 10, 4], "texture": "#0"},
				"south": {"uv": [8, 4, 10, 6], "texture": "#0"},
				"west": {"uv": [8, 6, 10, 8], "texture": "#0"},
				"up": {"uv": [10, 10, 8, 8], "texture": "#0"},
				"down": {"uv": [6, 9, 4, 11], "texture": "#0"}
			}
		},
		{
			"from": [10.97569, 4.91898, 6.5],
			"to": [14.97569, 8.91898, 10.5],
			"rotation": {"angle": 22.5, "axis": "z", "origin": [7.5, 7.2706, 9]},
			"faces": {
				"north": {"uv": [6, 9, 8, 11], "texture": "#0"},
				"east": {"uv": [0, 10, 2, 12], "texture": "#0"},
				"south": {"uv": [10, 0, 12, 2], "texture": "#0"},
				"west": {"uv": [2, 10, 4, 12], "texture": "#0"},
				"up": {"uv": [12, 4, 10, 2], "texture": "#0"},
				"down": {"uv": [12, 4, 10, 6], "texture": "#0"}
			}
		},
		{
			"from": [3.5, 0.5, 7.5],
			"to": [11.5, 10.5, 11.5],
			"rotation": {"angle": 0, "axis": "y", "origin": [7.5, 7.2706, 9]},
			"faces": {
				"north": {"uv": [0, 0, 4, 5], "texture": "#0"},
				"east": {"uv": [0, 5, 2, 10], "texture": "#0"},
				"south": {"uv": [4, 0, 8, 5], "texture": "#0"},
				"west": {"uv": [2, 5, 4, 10], "texture": "#0"},
				"up": {"uv": [8, 7, 4, 5], "texture": "#0"},
				"down": {"uv": [8, 7, 4, 9], "texture": "#0"}
			}
		}
	],
	"gui_light": "front",
	"display": {
		"thirdperson_righthand": {
			"rotation": [48, 6, 4],
			"translation": [0, -0.5, -1.25]
		},
		"thirdperson_lefthand": {
			"rotation": [48, 6, 4],
			"translation": [0, -0.5, -1.25]
		},
		"firstperson_righthand": {
			"rotation": [160.91, 60.98, 171.02],
			"translation": [5.25, 3.5, -5.75],
			"scale": [0.9, 1, 1]
		},
		"firstperson_lefthand": {
			"rotation": [160.91, 60.98, 171.02],
			"translation": [5.25, 3.5, -5.75],
			"scale": [0.9, 1, 1]
		},
		"ground": {
			"translation": [0, 2.5, -0.75],
			"scale": [0.6, 0.6, 0.6]
		},
		"gui": {
			"rotation": [141.32, 23.43, -166.14],
			"translation": [-0.68, 2.5, 0]
		},
		"head": {
			"translation": [0.5, 17.5, -2],
			"scale": [1.5, 1.5, 1.5]
		},
		"fixed": {
			"translation": [0, 5, -7.5],
			"scale": [2, 2, 2]
		}
	},
	"groups": [
		{
			"name": "group",
			"origin": [8, 8, 8],
			"color": 0,
			"nbt": "{}",
			"armAnimationEnabled": false,
			"children": [0, 1, 2]
		}
	]
}