{
	"credit": "Made with Blockbench",
	"texture_size": [32, 32],
	"textures": {
		"0": "item/bottles/lingering_potion",
		"particle": "item/bottles/lingering_potion"
	},
	"elements": [
		{
			"from": [4.5, 5, 6.5],
			"to": [7.5, 6, 9.5],
			"faces": {
				"north": {"uv": [8.5, 7, 10, 7.5], "texture": "#0"},
				"east": {"uv": [8.5, 7, 10, 7.5], "texture": "#0"},
				"south": {"uv": [8.5, 7, 10, 7.5], "texture": "#0"},
				"west": {"uv": [8.5, 7, 10, 7.5], "texture": "#0"},
				"up": {"uv": [7, 10.5, 5.5, 9], "texture": "#0"},
				"down": {"uv": [8.5, 9, 7, 10.5], "texture": "#0"}
			}
		},
		{
			"from": [3, 0, 5],
			"to": [9, 5, 11],
			"faces": {
				"north": {"uv": [0, 6, 3, 8.5], "texture": "#0"},
				"east": {"uv": [0, 6, 3, 8.5], "texture": "#0"},
				"south": {"uv": [0, 6, 3, 8.5], "texture": "#0"},
				"west": {"uv": [0, 6, 3, 8.5], "texture": "#0"},
				"up": {"uv": [6, 6, 3, 3], "texture": "#0"},
				"down": {"uv": [6, 0, 3, 3], "texture": "#0"}
			}
		},
		{
			"from": [3.1, 0.1, 5.1],
			"to": [8.9, 4.9, 10.9],
			"faces": {
				"north": {"uv": [0, 8.5, 2.5, 10.5], "texture": "#0", "tintindex": 0},
				"east": {"uv": [3, 7.5, 5.5, 9.5], "texture": "#0", "tintindex": 0},
				"south": {"uv": [6, 7, 8.5, 9], "texture": "#0", "tintindex": 0},
				"west": {"uv": [6, 5, 8.5, 7], "texture": "#0", "tintindex": 0},
				"up": {"uv": [8.5, 2.5, 6, 0], "texture": "#0", "tintindex": 0},
				"down": {"uv": [8.5, 2.5, 6, 5], "texture": "#0", "tintindex": 0}
			}
		},
		{
			"from": [5, 5.6, 9.4],
			"to": [7, 6.6, 10.4],
			"rotation": {"angle": -45, "axis": "x", "origin": [6, 6, 7]},
			"faces": {
				"north": {"uv": [10.5, 4, 11.5, 4.5], "rotation": 180, "texture": "#0"},
				"east": {"uv": [4.5, 9.5, 5, 10], "rotation": 180, "texture": "#0"},
				"south": {"uv": [10.5, 4, 11.5, 4.5], "rotation": 180, "texture": "#0"},
				"west": {"uv": [4.5, 10, 5, 10.5], "rotation": 180, "texture": "#0"},
				"up": {"uv": [10.5, 4, 11.5, 4.5], "texture": "#0"},
				"down": {"uv": [10.5, 4, 11.5, 4.5], "texture": "#0"}
			}
		},
		{
			"from": [4, 5.6, 6.4],
			"to": [5, 6.6, 10.4],
			"rotation": {"angle": -45, "axis": "x", "origin": [6, 6, 7]},
			"faces": {
				"north": {"uv": [9.5, 1, 10, 1.5], "rotation": 180, "texture": "#0"},
				"east": {"uv": [9, 0.5, 11, 1], "rotation": 180, "texture": "#0"},
				"south": {"uv": [9, 1, 9.5, 1.5], "rotation": 180, "texture": "#0"},
				"west": {"uv": [9, 0, 11, 0.5], "rotation": 180, "texture": "#0"},
				"up": {"uv": [8.5, 2, 9, 4], "texture": "#0"},
				"down": {"uv": [8.5, 4, 9, 2], "texture": "#0"}
			}
		},
		{
			"from": [7, 5.6, 6.4],
			"to": [8, 6.6, 10.4],
			"rotation": {"angle": -45, "axis": "x", "origin": [6, 6, 7]},
			"faces": {
				"north": {"uv": [9.5, 1, 10, 1.5], "rotation": 180, "texture": "#0"},
				"east": {"uv": [9, 1, 11, 0.5], "rotation": 180, "texture": "#0"},
				"south": {"uv": [9, 1, 9.5, 1.5], "rotation": 180, "texture": "#0"},
				"west": {"uv": [9, 0, 11, 0.5], "rotation": 180, "texture": "#0"},
				"up": {"uv": [8.5, 2, 9, 4], "texture": "#0"},
				"down": {"uv": [8.5, 4, 9, 2], "texture": "#0"}
			}
		}
	],
	"gui_light": "front",
	"display": {
		"thirdperson_righthand": {
			"rotation": [53.5, 0, 0],
			"translation": [1.5, -0.75, 0],
			"scale": [0.9, 0.9, 0.9]
		},
		"thirdperson_lefthand": {
			"rotation": [53.5, 0, 0],
			"translation": [-2, -0.75, 0],
			"scale": [0.9, 0.9, 0.9]
		},
		"firstperson_righthand": {
			"rotation": [11.52, 13.1, -1.7],
			"translation": [3, 4, 0]
		},
		"firstperson_lefthand": {
			"rotation": [11.52, 13.1, -1.7],
			"translation": [1.75, 4, 0]
		},
		"ground": {
			"translation": [1.5, 3.25, 0.25],
			"scale": [0.7, 0.7, 0.7]
		},
		"gui": {
			"rotation": [-9, -132, -45],
			"translation": [-4.75, 3, 0],
			"scale": [1.4, 1.4, 1.4]
		},
		"head": {
			"translation": [2.25, 16, 0],
			"scale": [1.2, 1.2, 1.2]
		},
		"fixed": {
			"rotation": [-90, 0, 0],
			"translation": [4, 0, -13.5],
			"scale": [1.7, 1.7, 1.7]
		}
	},
	"groups": [
		{
			"name": "group",
			"origin": [0, 0, 0],
			"color": 0,
			"nbt": "{}",
			"armAnimationEnabled": false,
			"children": [
				0,
				1,
				2,
				{
					"name": "group",
					"origin": [0, 0, 0],
					"color": 0,
					"nbt": "{}",
					"armAnimationEnabled": false,
					"children": [3, 4, 5]
				}
			]
		}
	]
}