{
	"credit": "Made with Blockbench",
	"texture_size": [32, 32],
	"textures": {
		"0": "item/disc/music_disc_mall",
		"particle": "item/disc/music_disc_mall"
	},
	"elements": [
		{
			"from": [3.5, 7.5, 3.5],
			"to": [12.5, 8.8, 12.5],
			"rotation": {"angle": 0, "axis": "y", "origin": [-0.5, 7.5, 1.5]},
			"faces": {
				"north": {"uv": [0, 0, 4.5, 0.5], "texture": "#0"},
				"east": {"uv": [0, 0, 4.5, 0.5], "texture": "#0"},
				"south": {"uv": [0, 0, 4.5, 0.5], "texture": "#0"},
				"west": {"uv": [0, 0, 4.5, 0.5], "texture": "#0"},
				"up": {"uv": [4.5, 4.5, 0, 0], "texture": "#0"},
				"down": {"uv": [4.5, 0, 0, 4.5], "texture": "#0"}
			}
		}
	],
	"gui_light": "front",
	"display": {
		"thirdperson_righthand": {
			"rotation": [76.87, -8.26, -1.91],
			"translation": [0.75, 2, 0.5],
			"scale": [0.8, 0.8, 0.8]
		},
		"thirdperson_lefthand": {
			"rotation": [76.87, -8.26, -1.91],
			"translation": [0.75, 2, 0.5],
			"scale": [0.8, 0.8, 0.8]
		},
		"firstperson_righthand": {
			"rotation": [23.79, 10.18, 21.85],
			"translation": [0, 2.25, 0]
		},
		"firstperson_lefthand": {
			"rotation": [23.79, 10.18, 21.85],
			"translation": [0, 2.25, 0]
		},
		"ground": {
			"rotation": [20, 0, 43],
			"translation": [0, 1.5, 0],
			"scale": [0.7, 0.7, 0.7]
		},
		"gui": {
			"rotation": [-155.86, -70.64, 140.75],
			"translation": [0.1, 0, 0],
			"scale": [1.3, 1.3, 1.3]
		},
		"head": {
			"translation": [0, 7, 0],
			"scale": [1.3, 1.3, 1.3]
		},
		"fixed": {
			"rotation": [90, 0, 0],
			"translation": [0, 0, -1],
			"scale": [2, 2, 2]
		}
	}
}