{"credit":"Made with Blockbench","texture_size":[32,32],"textures":{"0":"item/nautilus_shell","particle":"item/nautilus_shell"},"elements":[{"from":[3.5,3.5,5.5],"to":[12.5,12.5,10.5],"rotation":{"angle":0,"axis":"y","origin":[0.5,3.5,1.5]},"faces":{"north":{"uv":[0,0,4.5,4.5],"texture":"#0"},"east":{"uv":[4.5,0,7,4.5],"texture":"#0"},"south":{"uv":[0,4.5,4.5,9],"texture":"#0"},"west":{"uv":[4.5,4.5,7,9],"texture":"#0"},"up":{"uv":[11.5,2.5,7,0],"texture":"#0"},"down":{"uv":[11.5,2.5,7,5],"texture":"#0"}}}],"gui_light":"front","display":{"thirdperson_righthand":{"rotation":[-68.7,-88.38,-92.6],"translation":[0.25,1.75,1],"scale":[0.75,0.75,0.75]},"thirdperson_lefthand":{"rotation":[-120.75,88.75,-160.5],"translation":[0,0.75,0.5],"scale":[0.75,0.75,0.75]},"firstperson_righthand":{"rotation":[173.59,166,158.19],"translation":[4.75,1.25,-3.25],"scale":[1,1,0.77]},"firstperson_lefthand":{"rotation":[174.06,-22.42,-168.64],"translation":[4.25,2.5,-2.5],"scale":[1,1,0.77]},"ground":{"translation":[0,3,0],"scale":[0.7,0.7,0.7]},"gui":{"rotation":[29,48,-13],"translation":[0.25,0,0],"scale":[1.3,1.3,1.3]},"head":{"rotation":[180,-90,180],"translation":[-1.5,10.75,0]},"fixed":{"translation":[0,0,-3.75],"scale":[1.7,1.7,1.7]}}}