{
	"credit": "Made with Blockbench",
	"textures": {
		"0": "item/netherite_chestplate",
		"particle": "item/netherite_chestplate"
	},
	"elements": [
		{
			"from": [3.5, 0.5, 7.5],
			"to": [11.5, 10.5, 11.5],
			"rotation": {"angle": 0, "axis": "y", "origin": [7.5, 7.2706, 9]},
			"faces": {
				"north": {"uv": [8, 0, 12, 5], "texture": "#0"},
				"east": {"uv": [8, 5, 10, 10], "texture": "#0"},
				"south": {"uv": [12, 0, 16, 5], "texture": "#0"},
				"west": {"uv": [10, 5, 12, 10], "texture": "#0"},
				"up": {"uv": [16, 7, 12, 5], "texture": "#0"},
				"down": {"uv": [16, 7, 12, 9], "texture": "#0"}
			}
		},
		{
			"from": [0.02431, 3.91898, 6.5],
			"to": [4.02431, 8.91898, 10.5],
			"rotation": {"angle": -22.5, "axis": "z", "origin": [7.5, 7.2706, 9]},
			"faces": {
				"north": {"uv": [0, 0, 2, 2.5], "texture": "#0"},
				"east": {"uv": [2, 0, 4, 2.5], "texture": "#0"},
				"south": {"uv": [0, 2.5, 2, 5], "texture": "#0"},
				"west": {"uv": [2, 2.5, 4, 5], "texture": "#0"},
				"up": {"uv": [6, 7, 4, 5], "texture": "#0"},
				"down": {"uv": [8, 0, 6, 2], "texture": "#0"}
			}
		},
		{
			"from": [10.97569, 3.91898, 6.5],
			"to": [14.97569, 8.91898, 10.5],
			"rotation": {"angle": 22.5, "axis": "z", "origin": [7.5, 7.2706, 9]},
			"faces": {
				"north": {"uv": [4, 0, 6, 2.5], "texture": "#0"},
				"east": {"uv": [4, 2.5, 6, 5], "texture": "#0"},
				"south": {"uv": [0, 5, 2, 7.5], "texture": "#0"},
				"west": {"uv": [2, 5, 4, 7.5], "texture": "#0"},
				"up": {"uv": [8, 4, 6, 2], "texture": "#0"},
				"down": {"uv": [8, 4, 6, 6], "texture": "#0"}
			}
		}
	],
	"gui_light": "front",
	"display": {
		"thirdperson_righthand": {
			"rotation": [48, 6, 4],
			"translation": [0, -0.5, -1.25]
		},
		"thirdperson_lefthand": {
			"rotation": [48, 6, 4],
			"translation": [0, -0.5, -1.25]
		},
		"firstperson_righthand": {
			"rotation": [160.91, 60.98, 171.02],
			"translation": [5.25, 3.5, -5.75],
			"scale": [0.9, 1, 1]
		},
		"firstperson_lefthand": {
			"rotation": [160.91, 60.98, 171.02],
			"translation": [5.25, 3.5, -5.75],
			"scale": [0.9, 1, 1]
		},
		"ground": {
			"translation": [0, 2.5, -0.75],
			"scale": [0.6, 0.6, 0.6]
		},
		"gui": {
			"rotation": [141.32, 23.43, -166.14],
			"translation": [-0.68, 2.5, 0]
		},
		"head": {
			"translation": [0.5, 17.5, -2],
			"scale": [1.5, 1.5, 1.5]
		},
		"fixed": {
			"translation": [0, 5, -7.5],
			"scale": [2, 2, 2]
		}
	},
	"groups": [
		{
			"name": "group",
			"origin": [8, 8, 8],
			"color": 0,
			"nbt": "{}",
			"armAnimationEnabled": false,
			"children": [0]
		},
		{
			"name": "group",
			"origin": [8, 8, 8],
			"color": 0,
			"nbt": "{}",
			"armAnimationEnabled": false,
			"children": [1, 2]
		}
	]
}