{"credit":"Made with Blockbench","textures":{"0":"item/netherite_hoe","particle":"item/netherite_hoe"},"elements":[{"from":[7,0,7],"to":[9,15.2768,9],"faces":{"north":{"uv":[0,0,0.5,3.75],"texture":"#0"},"east":{"uv":[0.5,0,1,3.75],"texture":"#0"},"south":{"uv":[1,0,1.5,3.75],"texture":"#0"},"west":{"uv":[1.5,0,2,3.75],"texture":"#0"},"up":{"uv":[2.5,0.5,2,0],"texture":"#0"},"down":{"uv":[2.5,0.5,2,1],"texture":"#0"}}},{"from":[6.40074,10,5.9],"to":[9.60111,14,9.9],"faces":{"north":{"uv":[12.5,9.25,13.25,10.25],"texture":"#0"},"east":{"uv":[11,12.25,12,13.25],"texture":"#0"},"south":{"uv":[12.5,10.25,13.25,11.25],"texture":"#0"},"west":{"uv":[12,12.25,13,13.25],"texture":"#0"},"up":{"uv":[13.25,12.25,12.5,11.25],"texture":"#0"},"down":{"uv":[9.75,13,9,14],"texture":"#0"}}},{"from":[7.5,9.8,1.5],"to":[8.5,12.8,6.5],"rotation":{"angle":-22.5,"axis":"x","origin":[8.5,12,4]},"faces":{"north":{"uv":[12.75,13.25,13,14],"texture":"#0"},"east":{"uv":[14,10,15.25,10.75],"texture":"#0"},"south":{"uv":[12.5,13.25,12.75,14],"texture":"#0"},"west":{"uv":[10.5,15.25,11.75,16],"texture":"#0"},"up":{"uv":[12.75,15.25,12.5,14],"texture":"#0"},"down":{"uv":[13,14,12.75,15.25],"texture":"#0"}}}],"gui_light":"front","display":{"thirdperson_righthand":{"translation":[0,3,2]},"thirdperson_lefthand":{"translation":[0,3,2]},"firstperson_righthand":{"rotation":[19,0,0],"translation":[0.5,4.5,0],"scale":[0.8,0.95,0.8]},"firstperson_lefthand":{"rotation":[19,0,0],"translation":[0.5,4.25,0],"scale":[0.8,0.95,0.8]},"ground":{"rotation":[36,0,0],"translation":[0,3,0],"scale":[0.7,0.7,0.7]},"gui":{"rotation":[83.13,49.6,-112.84],"translation":[1,-0.25,0],"scale":[1.13,1.13,1.13]},"head":{"translation":[0,14.5,0]},"fixed":{"rotation":[0,90,0],"translation":[0,0.5,-1],"scale":[1.3,1.3,1.3]}}}