{"credit":"Made with Blockbench","textures":{"main":"item/pufferfish_bucket"},"elements":[{"from":[6,1,10],"to":[10,9,11],"faces":{"north":{"uv":[1.5,1.5,2,2.5],"texture":"#main"},"east":{"uv":[2,1.5,2.125,2.5],"texture":"#main"},"south":{"uv":[0,2,0.5,3],"texture":"#main"},"west":{"uv":[2.125,1.5,2.25,2.5],"texture":"#main"},"up":{"uv":[2.125,2.625,1.625,2.5],"texture":"#main"},"down":{"uv":[3.125,0.125,2.625,0.25],"texture":"#main"}}},{"from":[6,1,5],"to":[10,9,6],"faces":{"north":{"uv":[0.5,2,1,3],"texture":"#main"},"east":{"uv":[2.25,0,2.375,1],"texture":"#main"},"south":{"uv":[1,2,1.5,3],"texture":"#main"},"west":{"uv":[2.25,1,2.375,2],"texture":"#main"},"up":{"uv":[3.125,0.375,2.625,0.25],"texture":"#main"},"down":{"uv":[3.125,0.375,2.625,0.5],"texture":"#main"}}},{"from":[5,1,5],"to":[6,9,11],"faces":{"north":{"uv":[2.25,2,2.375,3],"texture":"#main"},"east":{"uv":[0,0,0.75,1],"texture":"#main"},"south":{"uv":[2.375,0,2.5,1],"texture":"#main"},"west":{"uv":[0.75,0,1.5,1],"texture":"#main"},"up":{"uv":[2.625,0.75,2.5,0],"texture":"#main"},"down":{"uv":[2.625,0.75,2.5,1.5],"texture":"#main"}}},{"from":[10,1,5],"to":[11,9,11],"faces":{"north":{"uv":[2.375,1,2.5,2],"texture":"#main"},"east":{"uv":[0,1,0.75,2],"texture":"#main"},"south":{"uv":[2.375,2,2.5,3],"texture":"#main"},"west":{"uv":[0.75,1,1.5,2],"texture":"#main"},"up":{"uv":[1.625,3.25,1.5,2.5],"texture":"#main"},"down":{"uv":[2.625,1.5,2.5,2.25],"texture":"#main"}}},{"from":[5,0,5],"to":[11,1,11],"faces":{"north":{"uv":[2.5,2.25,3.25,2.375],"texture":"#main"},"east":{"uv":[2.5,2.375,3.25,2.5],"texture":"#main"},"south":{"uv":[2.5,2.5,3.25,2.625],"texture":"#main"},"west":{"uv":[2.625,0,3.375,0.125],"texture":"#main"},"up":{"uv":[2.25,0.75,1.5,0],"texture":"#main"},"down":{"uv":[2.25,0.75,1.5,1.5],"texture":"#main"}}},{"name":"body","from":[6,7.6,6.5],"to":[10,11.6,10.5],"rotation":{"angle":-22.5,"axis":"x","origin":[8,7.6,8]},"faces":{"north":{"uv":[4.75,0.625,5.375,1.25],"texture":"#main"},"east":{"uv":[3,0.625,3.625,1.25],"texture":"#main"},"south":{"uv":[3.625,0.625,4.25,1.25],"texture":"#main"},"west":{"uv":[3,0.625,3.625,1.25],"texture":"#main"},"up":{"uv":[4.25,0.625,3.625,0],"texture":"#main"},"down":{"uv":[7.375,6.625,6.75,7.25],"texture":"#main"}}},{"from":[6,1,10],"to":[10,9,11],"faces":{"north":{"uv":[9.5,1.5,10,2.5],"texture":"#main"},"east":{"uv":[10,1.5,10.125,2.5],"texture":"#main"},"south":{"uv":[8,2,8.5,3],"texture":"#main"},"west":{"uv":[10.125,1.5,10.25,2.5],"texture":"#main"},"up":{"uv":[10.125,2.625,9.625,2.5],"texture":"#main"},"down":{"uv":[11.125,0.125,10.625,0.25],"texture":"#main"}}},{"from":[6,1,5],"to":[10,9,6],"faces":{"north":{"uv":[8.5,2,9,3],"texture":"#main"},"east":{"uv":[10.25,0,10.375,1],"texture":"#main"},"south":{"uv":[9,2,9.5,3],"texture":"#main"},"west":{"uv":[10.25,1,10.375,2],"texture":"#main"},"up":{"uv":[11.125,0.375,10.625,0.25],"texture":"#main"},"down":{"uv":[11.125,0.375,10.625,0.5],"texture":"#main"}}},{"from":[5,1,5],"to":[6,9,11],"faces":{"north":{"uv":[10.25,2,10.375,3],"texture":"#main"},"east":{"uv":[8,0,8.75,1],"texture":"#main"},"south":{"uv":[10.375,0,10.5,1],"texture":"#main"},"west":{"uv":[8.75,0,9.5,1],"texture":"#main"},"up":{"uv":[10.625,0.75,10.5,0],"texture":"#main"},"down":{"uv":[10.625,0.75,10.5,1.5],"texture":"#main"}}},{"from":[10,1,5],"to":[11,9,11],"faces":{"north":{"uv":[10.375,1,10.5,2],"texture":"#main"},"east":{"uv":[8,1,8.75,2],"texture":"#main"},"south":{"uv":[10.375,2,10.5,3],"texture":"#main"},"west":{"uv":[8.75,1,9.5,2],"texture":"#main"},"up":{"uv":[9.625,3.25,9.5,2.5],"texture":"#main"},"down":{"uv":[10.625,1.5,10.5,2.25],"texture":"#main"}}},{"from":[5,0,5],"to":[11,1,11],"faces":{"north":{"uv":[10.5,2.25,11.25,2.375],"texture":"#main"},"east":{"uv":[10.5,2.375,11.25,2.5],"texture":"#main"},"south":{"uv":[10.5,2.5,11.25,2.625],"texture":"#main"},"west":{"uv":[10.625,0,11.375,0.125],"texture":"#main"},"up":{"uv":[10.25,0.75,9.5,0],"texture":"#main"},"down":{"uv":[10.25,0.75,9.5,1.5],"texture":"#main"}}},{"name":"body","from":[6,7.6,6.5],"to":[10,11.6,10.5],"rotation":{"angle":-22.5,"axis":"x","origin":[8,7.6,8]},"faces":{"north":{"uv":[12.75,0.625,13.375,1.25],"texture":"#main"},"east":{"uv":[11,0.625,11.625,1.25],"texture":"#main"},"south":{"uv":[11.625,0.625,12.25,1.25],"texture":"#main"},"west":{"uv":[11,0.625,11.625,1.25],"texture":"#main"},"up":{"uv":[12.25,0.625,11.625,0],"texture":"#main"},"down":{"uv":[15.375,6.625,14.75,7.25],"texture":"#main"}}},{"from":[6,1,10],"to":[10,9,11],"faces":{"north":{"uv":[1.5,9.5,2,10.5],"texture":"#main"},"east":{"uv":[2,9.5,2.125,10.5],"texture":"#main"},"south":{"uv":[0,10,0.5,11],"texture":"#main"},"west":{"uv":[2.125,9.5,2.25,10.5],"texture":"#main"},"up":{"uv":[2.125,10.625,1.625,10.5],"texture":"#main"},"down":{"uv":[3.125,8.125,2.625,8.25],"texture":"#main"}}},{"from":[6,1,5],"to":[10,9,6],"faces":{"north":{"uv":[0.5,10,1,11],"texture":"#main"},"east":{"uv":[2.25,8,2.375,9],"texture":"#main"},"south":{"uv":[1,10,1.5,11],"texture":"#main"},"west":{"uv":[2.25,9,2.375,10],"texture":"#main"},"up":{"uv":[3.125,8.375,2.625,8.25],"texture":"#main"},"down":{"uv":[3.125,8.375,2.625,8.5],"texture":"#main"}}},{"from":[5,1,5],"to":[6,9,11],"faces":{"north":{"uv":[2.25,10,2.375,11],"texture":"#main"},"east":{"uv":[0,8,0.75,9],"texture":"#main"},"south":{"uv":[2.375,8,2.5,9],"texture":"#main"},"west":{"uv":[0.75,8,1.5,9],"texture":"#main"},"up":{"uv":[2.625,8.75,2.5,8],"texture":"#main"},"down":{"uv":[2.625,8.75,2.5,9.5],"texture":"#main"}}},{"from":[10,1,5],"to":[11,9,11],"faces":{"north":{"uv":[2.375,9,2.5,10],"texture":"#main"},"east":{"uv":[0,9,0.75,10],"texture":"#main"},"south":{"uv":[2.375,10,2.5,11],"texture":"#main"},"west":{"uv":[0.75,9,1.5,10],"texture":"#main"},"up":{"uv":[1.625,11.25,1.5,10.5],"texture":"#main"},"down":{"uv":[2.625,9.5,2.5,10.25],"texture":"#main"}}},{"from":[5,0,5],"to":[11,1,11],"faces":{"north":{"uv":[2.5,10.25,3.25,10.375],"texture":"#main"},"east":{"uv":[2.5,10.375,3.25,10.5],"texture":"#main"},"south":{"uv":[2.5,10.5,3.25,10.625],"texture":"#main"},"west":{"uv":[2.625,8,3.375,8.125],"texture":"#main"},"up":{"uv":[2.25,8.75,1.5,8],"texture":"#main"},"down":{"uv":[2.25,8.75,1.5,9.5],"texture":"#main"}}},{"name":"body","from":[6,7.6,6.5],"to":[10,11.6,10.5],"rotation":{"angle":-22.5,"axis":"x","origin":[8,7.6,8]},"faces":{"north":{"uv":[4.75,8.625,5.375,9.25],"texture":"#main"},"east":{"uv":[3,8.625,3.625,9.25],"texture":"#main"},"south":{"uv":[3.625,8.625,4.25,9.25],"texture":"#main"},"west":{"uv":[3,8.625,3.625,9.25],"texture":"#main"},"up":{"uv":[4.25,8.625,3.625,8],"texture":"#main"},"down":{"uv":[7.375,14.625,6.75,15.25],"texture":"#main"}}},{"from":[6,1,10],"to":[10,9,11],"faces":{"north":{"uv":[9.5,9.5,10,10.5],"texture":"#main"},"east":{"uv":[10,9.5,10.125,10.5],"texture":"#main"},"south":{"uv":[8,10,8.5,11],"texture":"#main"},"west":{"uv":[10.125,9.5,10.25,10.5],"texture":"#main"},"up":{"uv":[10.125,10.625,9.625,10.5],"texture":"#main"},"down":{"uv":[11.125,8.125,10.625,8.25],"texture":"#main"}}},{"from":[6,1,5],"to":[10,9,6],"faces":{"north":{"uv":[8.5,10,9,11],"texture":"#main"},"east":{"uv":[10.25,8,10.375,9],"texture":"#main"},"south":{"uv":[9,10,9.5,11],"texture":"#main"},"west":{"uv":[10.25,9,10.375,10],"texture":"#main"},"up":{"uv":[11.125,8.375,10.625,8.25],"texture":"#main"},"down":{"uv":[11.125,8.375,10.625,8.5],"texture":"#main"}}},{"from":[5,1,5],"to":[6,9,11],"faces":{"north":{"uv":[10.25,10,10.375,11],"texture":"#main"},"east":{"uv":[8,8,8.75,9],"texture":"#main"},"south":{"uv":[10.375,8,10.5,9],"texture":"#main"},"west":{"uv":[8.75,8,9.5,9],"texture":"#main"},"up":{"uv":[10.625,8.75,10.5,8],"texture":"#main"},"down":{"uv":[10.625,8.75,10.5,9.5],"texture":"#main"}}},{"from":[10,1,5],"to":[11,9,11],"faces":{"north":{"uv":[10.375,9,10.5,10],"texture":"#main"},"east":{"uv":[8,9,8.75,10],"texture":"#main"},"south":{"uv":[10.375,10,10.5,11],"texture":"#main"},"west":{"uv":[8.75,9,9.5,10],"texture":"#main"},"up":{"uv":[9.625,11.25,9.5,10.5],"texture":"#main"},"down":{"uv":[10.625,9.5,10.5,10.25],"texture":"#main"}}},{"from":[5,0,5],"to":[11,1,11],"faces":{"north":{"uv":[10.5,10.25,11.25,10.375],"texture":"#main"},"east":{"uv":[10.5,10.375,11.25,10.5],"texture":"#main"},"south":{"uv":[10.5,10.5,11.25,10.625],"texture":"#main"},"west":{"uv":[10.625,8,11.375,8.125],"texture":"#main"},"up":{"uv":[10.25,8.75,9.5,8],"texture":"#main"},"down":{"uv":[10.25,8.75,9.5,9.5],"texture":"#main"}}},{"name":"body","from":[6,7.6,6.5],"to":[10,11.6,10.5],"rotation":{"angle":-22.5,"axis":"x","origin":[8,7.6,8]},"faces":{"north":{"uv":[12.75,8.625,13.375,9.25],"texture":"#main"},"east":{"uv":[11,8.625,11.625,9.25],"texture":"#main"},"south":{"uv":[11.625,8.625,12.25,9.25],"texture":"#main"},"west":{"uv":[11,8.625,11.625,9.25],"texture":"#main"},"up":{"uv":[12.25,8.625,11.625,8],"texture":"#main"},"down":{"uv":[15.375,14.625,14.75,15.25],"texture":"#main"}}}],"gui_light":"front","display":{"thirdperson_righthand":{"rotation":[65.35,0.87,1.03],"translation":[0.5,0.25,-0.75],"scale":[0.9,0.9,0.9]},"thirdperson_lefthand":{"rotation":[66.71,2.53,0.98],"translation":[0.75,0.25,-0.5],"scale":[0.9,0.9,0.9]},"firstperson_righthand":{"rotation":[24.74,-3.72,19.9],"translation":[2.25,5,-1.5]},"firstperson_lefthand":{"rotation":[13.75,0,19.75],"translation":[2.5,5.5,-2.25]},"ground":{"translation":[0,3.5,0],"scale":[0.8,0.8,0.8]},"gui":{"rotation":[68.01,36.13,-17.77],"translation":[1.25,2,0],"scale":[1.3,1.3,1.3]},"head":{"translation":[0,18.5,0],"scale":[1.5,1.5,1.5]},"fixed":{"rotation":[-90,0,0],"translation":[0,0,-15.5],"scale":[2,2,2]}},"__comment":"Model animated using Fizzy's model animator - http://fizzy81.github.io/animated-models/"}