{"credit":"Made with Blockbench","texture_size":[32,32],"textures":{"0":"item/pufferfish","particle":"item/pufferfish"},"elements":[{"name":"body","from":[-2.5,1,-2.5],"to":[2.5,6,2.5],"rotation":{"angle":0,"axis":"y","origin":[0,3.5,0.5]},"faces":{"north":{"uv":[8.5,13.5,11,16],"texture":"#0"},"east":{"uv":[6,13.5,8.5,16],"texture":"#0"},"south":{"uv":[13.5,13.5,16,16],"texture":"#0"},"west":{"uv":[11,13.5,13.5,16],"texture":"#0"},"up":{"uv":[11,13.5,8.5,11],"texture":"#0"},"down":{"uv":[13.5,11,11,13.5],"texture":"#0"}}},{"name":"top_front_spikes","from":[-2.5,6,-2.5],"to":[2.5,7,-1.5],"rotation":{"angle":0,"axis":"y","origin":[0,3.5,0.5]},"faces":{"north":{"uv":[8,8.5,10.5,9],"texture":"#0"},"east":{"uv":[7.5,8.5,8,9],"texture":"#0"},"south":{"uv":[11,8.5,13.5,9],"texture":"#0"},"west":{"uv":[10.5,8.5,11,9],"texture":"#0"},"up":{"uv":[10.5,8.5,8,8],"texture":"#0"},"down":{"uv":[13,8,10.5,8.5],"texture":"#0"}}},{"name":"left_front_spikes","from":[-3.5,1,-2.5],"to":[-2.5,6,-1.5],"rotation":{"angle":0,"axis":"y","origin":[0,3.5,0.5]},"faces":{"north":{"uv":[0.5,8.5,1,11],"texture":"#0"},"east":{"uv":[0,8.5,0.5,11],"texture":"#0"},"south":{"uv":[1.5,8.5,2,11],"texture":"#0"},"west":{"uv":[1,8.5,1.5,11],"texture":"#0"},"up":{"uv":[1,8.5,0.5,8],"texture":"#0"},"down":{"uv":[1.5,8,1,8.5],"texture":"#0"}}},{"name":"right_front_spikes","from":[2.5,1,-2.5],"to":[3.5,6,-1.5],"rotation":{"angle":0,"axis":"y","origin":[0,3.5,0.5]},"faces":{"north":{"uv":[4.5,8.5,5,11],"texture":"#0"},"east":{"uv":[4,8.5,4.5,11],"texture":"#0"},"south":{"uv":[5.5,8.5,6,11],"texture":"#0"},"west":{"uv":[5,8.5,5.5,11],"texture":"#0"},"up":{"uv":[5,8.5,4.5,8],"texture":"#0"},"down":{"uv":[5.5,8,5,8.5],"texture":"#0"}}},{"name":"bottom_front_spikes","from":[-2.5,0,-2.5],"to":[2.5,1,-1.5],"rotation":{"angle":0,"axis":"y","origin":[0,3.5,0.5]},"faces":{"north":{"uv":[9,11,11.5,11.5],"texture":"#0"},"east":{"uv":[8.5,11,9,11.5],"texture":"#0"},"south":{"uv":[12,11,14.5,11.5],"texture":"#0"},"west":{"uv":[11.5,11,12,11.5],"texture":"#0"},"up":{"uv":[11.5,11,9,10.5],"texture":"#0"},"down":{"uv":[14,10.5,11.5,11],"texture":"#0"}}},{"name":"top_back_spikes","from":[-2.5,6,1.5],"to":[2.5,7,2.5],"rotation":{"angle":0,"axis":"y","origin":[0,3.5,0.5]},"faces":{"north":{"uv":[5.5,8.5,8,9],"texture":"#0"},"east":{"uv":[5,8.5,5.5,9],"texture":"#0"},"south":{"uv":[8.5,8.5,11,9],"texture":"#0"},"west":{"uv":[8,8.5,8.5,9],"texture":"#0"},"up":{"uv":[8,8.5,5.5,8],"texture":"#0"},"down":{"uv":[10.5,8,8,8.5],"texture":"#0"}}},{"name":"left_back_spikes","from":[2.5,1,2.5],"to":[3.5,6,3.5],"rotation":{"angle":0,"axis":"y","origin":[0,3.5,0.5]},"faces":{"north":{"uv":[4.5,8.5,5,11],"texture":"#0"},"east":{"uv":[4,8.5,4.5,11],"texture":"#0"},"south":{"uv":[5.5,8.5,6,11],"texture":"#0"},"west":{"uv":[5,8.5,5.5,11],"texture":"#0"},"up":{"uv":[5,8.5,4.5,8],"texture":"#0"},"down":{"uv":[5.5,8,5,8.5],"texture":"#0"}}},{"name":"right_back_spikes","from":[-3.5,1,2.5],"to":[-2.5,6,3.5],"rotation":{"angle":0,"axis":"y","origin":[0,3.5,0.5]},"faces":{"north":{"uv":[2.5,8.5,3,11],"texture":"#0"},"east":{"uv":[2,8.5,2.5,11],"texture":"#0"},"south":{"uv":[3.5,8.5,4,11],"texture":"#0"},"west":{"uv":[3,8.5,3.5,11],"texture":"#0"},"up":{"uv":[3,8.5,2.5,8],"texture":"#0"},"down":{"uv":[3.5,8,3,8.5],"texture":"#0"}}},{"name":"bottom_back_spikes","from":[-1.5,0,2.5],"to":[-0.5,1,3.5],"rotation":{"angle":0,"axis":"y","origin":[0,3.5,0.5]},"faces":{"north":{"uv":[4.5,11.5,5,12],"texture":"#0"},"east":{"uv":[4,11.5,4.5,12],"texture":"#0"},"south":{"uv":[5.5,11.5,6,12],"texture":"#0"},"west":{"uv":[5,11.5,5.5,12],"texture":"#0"},"up":{"uv":[5,11.5,4.5,11],"texture":"#0"},"down":{"uv":[5.5,11,5,11.5],"texture":"#0"}}},{"name":"fin_right","from":[2.5,6,-1.49],"to":[4.5,6,0.51],"rotation":{"angle":0,"axis":"y","origin":[0,3.5,0.5]},"faces":{"north":{"uv":[13,1,14,1],"texture":"#0"},"east":{"uv":[12,1,13,1],"texture":"#0"},"south":{"uv":[15,1,16,1],"texture":"#0"},"west":{"uv":[14,1,15,1],"texture":"#0"},"up":{"uv":[14,1,13,0],"texture":"#0"},"down":{"uv":[15,0,14,1],"texture":"#0"}}},{"name":"fin_left","from":[-4.5,6,-1.5],"to":[-2.5,6,0.5],"rotation":{"angle":0,"axis":"y","origin":[0,3.5,0.5]},"faces":{"north":{"uv":[13,2.5,14,2.5],"texture":"#0"},"east":{"uv":[12,2.5,13,2.5],"texture":"#0"},"south":{"uv":[15,2.5,16,2.5],"texture":"#0"},"west":{"uv":[14,2.5,15,2.5],"texture":"#0"},"up":{"uv":[14,2.5,13,1.5],"texture":"#0"},"down":{"uv":[15,1.5,14,2.5],"texture":"#0"}}}],"gui_light":"front","display":{"thirdperson_righthand":{"rotation":[43.25,0,0],"translation":[7.75,-4,7]},"thirdperson_lefthand":{"rotation":[50,0,0],"translation":[-8.25,-4.25,7.25]},"firstperson_righthand":{"rotation":[-170.91,67.95,-179.7],"translation":[6.5,8.25,-10.5]},"firstperson_lefthand":{"rotation":[-170.91,67.95,-179.7],"translation":[14,6.25,3]},"ground":{"translation":[8.5,5.5,9]},"gui":{"rotation":[145.57,34.26,-154.62],"translation":[0.25,1,0],"scale":[1.6,1.6,1.6]},"head":{"translation":[12,16.75,11.75],"scale":[1.5,1.5,1.5]},"fixed":{"rotation":[-180,90,-180],"translation":[16,9,-20.5],"scale":[2,2,2]}},"groups":[{"name":"body","origin":[0,0,0],"color":0,"nbt":"{}","armAnimationEnabled":false,"children":[0,{"name":"top_front_spikes","origin":[0,6,-2.5],"color":0,"nbt":"{}","armAnimationEnabled":false,"children":[1]},{"name":"left_front_spikes","origin":[-2.5,3.5,-2.5],"color":0,"nbt":"{}","armAnimationEnabled":false,"children":[2]},{"name":"right_front_spikes","origin":[2.5,3.5,-2.5],"color":0,"nbt":"{}","armAnimationEnabled":false,"children":[3]},{"name":"bottom_front_spikes","origin":[0,1,-2.5],"color":0,"nbt":"{}","armAnimationEnabled":false,"children":[4]},{"name":"top_back_spikes","origin":[0,6,2.5],"color":0,"nbt":"{}","armAnimationEnabled":false,"children":[5]},{"name":"left_back_spikes","origin":[2.5,3.5,2.5],"color":0,"nbt":"{}","armAnimationEnabled":false,"children":[6]},{"name":"right_back_spikes","origin":[-2.5,3.5,2.5],"color":0,"nbt":"{}","armAnimationEnabled":false,"children":[7]},{"name":"bottom_back_spikes","origin":[-1,1,2.5],"color":0,"nbt":"{}","armAnimationEnabled":false,"children":[8]}]},{"name":"fin_right","origin":[-2.5,6,-1.5],"color":0,"nbt":"{}","armAnimationEnabled":false,"children":[9]},{"name":"fin_left","origin":[2.5,6,-1.5],"color":0,"nbt":"{}","armAnimationEnabled":false,"children":[10]}]}