{"credit":"Made with Blockbench","textures":{"0":"item/redstone_torch","particle":"item/redstone_torch"},"elements":[{"from":[7,-0.5,7],"to":[9,9.5,9],"rotation":{"angle":0,"axis":"y","origin":[7.5,7.5,7.5]},"faces":{"north":{"uv":[0,0,2,10],"texture":"#0"},"east":{"uv":[2,0,4,10],"texture":"#0"},"south":{"uv":[4,0,6,10],"texture":"#0"},"west":{"uv":[6,0,8,10],"texture":"#0"},"up":{"uv":[10,2,8,0],"texture":"#0"},"down":{"uv":[10,2,8,4],"texture":"#0"}}},{"from":[6,7.5,7],"to":[10,10.5,7],"faces":{"north":{"uv":[12,10,16,13],"texture":"#0"},"east":{"uv":[12,10,12,13],"texture":"#0"},"south":{"uv":[12,13,16,16],"texture":"#0"},"west":{"uv":[12,10,12,13],"texture":"#0"},"up":{"uv":[16,10,12,10],"texture":"#0"},"down":{"uv":[16,10,12,10],"texture":"#0"}}},{"from":[9,7.5,6],"to":[9,10.5,10],"rotation":{"angle":0,"axis":"y","origin":[8,9,8]},"faces":{"north":{"uv":[12,10,12,13],"texture":"#0"},"east":{"uv":[12,10,16,13],"texture":"#0"},"south":{"uv":[12,10,12,13],"texture":"#0"},"west":{"uv":[12,13,16,16],"texture":"#0"},"up":{"uv":[16,10,12,10],"rotation":90,"texture":"#0"},"down":{"uv":[16,10,12,10],"rotation":270,"texture":"#0"}}},{"from":[7,7.5,6],"to":[7,10.5,10],"rotation":{"angle":0,"axis":"y","origin":[8,9,8]},"faces":{"north":{"uv":[12,10,12,13],"texture":"#0"},"east":{"uv":[12,13,16,16],"texture":"#0"},"south":{"uv":[12,10,12,13],"texture":"#0"},"west":{"uv":[12,10,16,13],"texture":"#0"},"up":{"uv":[16,10,12,10],"rotation":270,"texture":"#0"},"down":{"uv":[16,10,12,10],"rotation":90,"texture":"#0"}}},{"from":[6,7.5,9],"to":[10,10.5,9],"faces":{"north":{"uv":[12,13,16,16],"texture":"#0"},"east":{"uv":[12,10,12,13],"texture":"#0"},"south":{"uv":[12,10,16,13],"texture":"#0"},"west":{"uv":[12,10,12,13],"texture":"#0"},"up":{"uv":[16,10,12,10],"texture":"#0"},"down":{"uv":[16,10,12,10],"texture":"#0"}}}],"gui_light":"front","display":{"thirdperson_righthand":{"translation":[0,5.75,1.25]},"thirdperson_lefthand":{"translation":[0,5.75,1.25]},"firstperson_righthand":{"rotation":[165,-38,-180],"translation":[2.5,8.25,-1.5]},"firstperson_lefthand":{"rotation":[165,-38,-180],"translation":[2.5,8.25,-1.5]},"ground":{"translation":[0,3.75,0],"scale":[0.8,0.8,0.8]},"gui":{"rotation":[51.42,-15.79,30.52],"translation":[-2.5,3.5,0],"scale":[1.5,1.5,1.5]},"head":{"translation":[0,19,0],"scale":[1.5,1.5,1.5]},"fixed":{"translation":[0,6.75,-1],"scale":[2,2,2]}}}