{"credit":"Made with Blockbench","texture_size":[32,32],"textures":{"0":"item/salmon_bucket"},"elements":[{"from":[6,1,10],"to":[10,9,11],"faces":{"north":{"uv":[3,3,4,5],"texture":"#0"},"east":{"uv":[4,3,4.25,5],"texture":"#0"},"south":{"uv":[0,4,1,6],"texture":"#0"},"west":{"uv":[4.25,3,4.5,5],"texture":"#0"},"up":{"uv":[4.25,5.25,3.25,5],"texture":"#0"},"down":{"uv":[6.25,0.25,5.25,0.5],"texture":"#0"}}},{"from":[6,1,5],"to":[10,9,6],"faces":{"north":{"uv":[1,4,2,6],"texture":"#0"},"east":{"uv":[4.5,0,4.75,2],"texture":"#0"},"south":{"uv":[2,4,3,6],"texture":"#0"},"west":{"uv":[4.5,2,4.75,4],"texture":"#0"},"up":{"uv":[6.25,0.75,5.25,0.5],"texture":"#0"},"down":{"uv":[6.25,0.75,5.25,1],"texture":"#0"}}},{"from":[5,1,5],"to":[6,9,11],"faces":{"north":{"uv":[4.5,4,4.75,6],"texture":"#0"},"east":{"uv":[0,0,1.5,2],"texture":"#0"},"south":{"uv":[4.75,0,5,2],"texture":"#0"},"west":{"uv":[1.5,0,3,2],"texture":"#0"},"up":{"uv":[5.25,1.5,5,0],"texture":"#0"},"down":{"uv":[5.25,1.5,5,3],"texture":"#0"}}},{"from":[6,7,6],"to":[10,8,10],"faces":{"north":{"uv":[2,0,4,0.5],"texture":"#0"},"east":{"uv":[2,0.5,4,1],"texture":"#0"},"south":{"uv":[2,1,4,1.5],"texture":"#0"},"west":{"uv":[2,1.5,4,2],"texture":"#0"},"up":{"uv":[6.25,2,5.25,1],"texture":"#0"},"down":{"uv":[2,2,0,4],"texture":"#0"}}},{"from":[10,1,5],"to":[11,9,11],"faces":{"north":{"uv":[4.75,2,5,4],"texture":"#0"},"east":{"uv":[0,2,1.5,4],"texture":"#0"},"south":{"uv":[4.75,4,5,6],"texture":"#0"},"west":{"uv":[1.5,2,3,4],"texture":"#0"},"up":{"uv":[3.25,6.5,3,5],"texture":"#0"},"down":{"uv":[5.25,3,5,4.5],"texture":"#0"}}},{"from":[5,0,5],"to":[11,1,11],"faces":{"north":{"uv":[5,4.5,6.5,4.75],"texture":"#0"},"east":{"uv":[5,4.75,6.5,5],"texture":"#0"},"south":{"uv":[5,5,6.5,5.25],"texture":"#0"},"west":{"uv":[5.25,0,6.75,0.25],"texture":"#0"},"up":{"uv":[4.5,1.5,3,0],"texture":"#0"},"down":{"uv":[4.5,1.5,3,3],"texture":"#0"}}},{"name":"tail","from":[8,-3.27,5.47],"to":[8,2.25,10.07],"rotation":{"angle":-22.5,"axis":"x","origin":[0.64,7.08,0.41]},"faces":{"north":{"uv":[14.5,13.25,14.5,14.75],"rotation":180,"texture":"#0"},"east":{"uv":[16,14.75,14.5,16],"rotation":270,"texture":"#0"},"south":{"uv":[14.5,14.75,14.5,13.25],"texture":"#0"},"west":{"uv":[14.5,14.75,16,16],"rotation":90,"texture":"#0"},"up":{"uv":[14.5,14.75,14.5,16],"rotation":180,"texture":"#0"},"down":{"uv":[16,14.75,16,16],"texture":"#0"}}},{"name":"head","from":[6.62,7.77,5.47],"to":[9.38,10.53,10.07],"rotation":{"angle":-22.5,"axis":"x","origin":[0.64,7.08,0.41]},"faces":{"north":{"uv":[16,13.75,15.25,14.5],"rotation":180,"texture":"#0"},"east":{"uv":[13.75,12.5,14.5,13.75],"rotation":270,"texture":"#0"},"south":{"uv":[15.25,14.5,14.5,13.75],"texture":"#0"},"west":{"uv":[15,12.5,15.75,13.75],"rotation":90,"texture":"#0"},"up":{"uv":[13.5,14.25,14.25,15.5],"rotation":180,"texture":"#0"},"down":{"uv":[15.5,11.5,16,12.5],"texture":"#0"}}},{"name":"fin_back_1","from":[8,4.09,10.07],"to":[8,5.93,11.91],"rotation":{"angle":-22.5,"axis":"x","origin":[0.64,7.08,0.41]},"faces":{"north":{"uv":[9.5,11.25,9.5,11.75],"rotation":180,"texture":"#0"},"east":{"uv":[10,11.75,9.5,12.25],"rotation":270,"texture":"#0"},"south":{"uv":[9.5,11.75,9.5,11.25],"texture":"#0"},"west":{"uv":[9.5,11.75,10,12.25],"rotation":90,"texture":"#0"},"up":{"uv":[9.5,11.75,9.5,12.25],"rotation":180,"texture":"#0"},"down":{"uv":[10,11.75,10,12.25],"texture":"#0"}}},{"name":"body_front","from":[6.62,0.41,5.47],"to":[9.38,7.77,10.07],"rotation":{"angle":-22.5,"axis":"x","origin":[0.64,7.08,0.41]},"faces":{"north":{"uv":[11.5,10.75,10.75,12.75],"rotation":180,"texture":"#0"},"east":{"uv":[8,12.75,10,14],"rotation":270,"texture":"#0"},"south":{"uv":[10.75,12.75,10,10.75],"texture":"#0"},"west":{"uv":[10.75,12.75,12.75,14],"rotation":90,"texture":"#0"},"up":{"uv":[10,12.75,10.75,14],"rotation":180,"texture":"#0"},"down":{"uv":[12.75,12.75,13.5,14],"texture":"#0"}}},{"name":"right_fin","from":[9.38,6.85,5.47],"to":[11.22,6.85,7.31],"rotation":{"angle":-22.5,"axis":"x","origin":[0.64,7.08,0.41]},"faces":{"north":{"uv":[9,10.75,8.5,10.75],"rotation":180,"texture":"#0"},"east":{"uv":[8,10.75,8,11.25],"rotation":270,"texture":"#0"},"south":{"uv":[8.5,10.75,8,10.75],"texture":"#0"},"west":{"uv":[8.5,10.75,8.5,11.25],"rotation":90,"texture":"#0"},"up":{"uv":[8,10.75,8.5,11.25],"rotation":180,"texture":"#0"},"down":{"uv":[9,10.75,9.5,11.25],"texture":"#0"}}},{"name":"left_fin","from":[4.78,6.85,5.47],"to":[6.62,6.85,7.31],"rotation":{"angle":-22.5,"axis":"x","origin":[0.64,7.08,0.41]},"faces":{"north":{"uv":[10,10.75,9.5,10.75],"rotation":180,"texture":"#0"},"east":{"uv":[9,10.75,9,11.25],"rotation":270,"texture":"#0"},"south":{"uv":[9.5,10.75,9,10.75],"texture":"#0"},"west":{"uv":[9.5,10.75,9.5,11.25],"rotation":90,"texture":"#0"},"up":{"uv":[9,10.75,9.5,11.25],"rotation":180,"texture":"#0"},"down":{"uv":[8,10.75,8.5,11.25],"texture":"#0"}}}],"gui_light":"front","overrides":[{"predicate":{"pulling":1},"model":"item/bow_pulling_1"},{"predicate":{"pulling":1,"pull":0.5},"model":"item/bow_pulling_1"},{"predicate":{"pulling":1,"pull":1},"model":"item/bow_pulling_0"}],"display":{"thirdperson_righthand":{"rotation":[65.35,0.87,1.03],"translation":[-0.25,1,-0.75],"scale":[0.9,0.9,0.9]},"thirdperson_lefthand":{"rotation":[65.35,0.87,1.03],"translation":[-0.25,1,0.75],"scale":[0.9,0.9,0.9]},"firstperson_righthand":{"rotation":[24.74,-3.72,19.9],"translation":[2.25,5,-1.5]},"firstperson_lefthand":{"rotation":[13.75,0,19.75],"translation":[2.5,5.5,-2.25]},"ground":{"translation":[0,4,0],"scale":[0.8,0.8,0.8]},"gui":{"rotation":[-114.88,-32.79,-156.45],"translation":[2,2.5,0],"scale":[1.3,1.3,1.3]},"head":{"translation":[0.75,16.25,-0.25],"scale":[1.3,1.3,1.3]},"fixed":{"rotation":[0,-90,90],"translation":[0,-0.25,-15.25],"scale":[1.9,1.9,1.9]}}}