{"credit":"Made with Blockbench","textures":{"0":"item/shears","particle":"item/shears"},"elements":[{"from":[6,7,7],"to":[11,11,7],"faces":{"north":{"uv":[0,11,5,15],"texture":"#0"},"east":{"uv":[0,0,0,4],"texture":"#0"},"south":{"uv":[0,11,5,15],"texture":"#0"},"west":{"uv":[0,0,0,4],"texture":"#0"},"up":{"uv":[5,0,0,0],"texture":"#0"},"down":{"uv":[5,0,0,0],"texture":"#0"}}},{"from":[7,0,7],"to":[10,2,7],"faces":{"north":{"uv":[0,9,3,11],"texture":"#0"},"east":{"uv":[9,10,10,12],"texture":"#0"},"south":{"uv":[0,9,3,11],"texture":"#0"},"west":{"uv":[10,10,11,12],"texture":"#0"},"up":{"uv":[13,5,10,4],"texture":"#0"},"down":{"uv":[13,5,10,6],"texture":"#0"}}},{"from":[6,2,6],"to":[11,7,8],"faces":{"north":{"uv":[0,0,5,5],"texture":"#0"},"east":{"uv":[5,0,7,5],"texture":"#0"},"south":{"uv":[0,0,5,5],"texture":"#0"},"west":{"uv":[5,0,7,5],"texture":"#0"},"up":{"uv":[5,7,0,5],"texture":"#0"},"down":{"uv":[5,7,0,9],"texture":"#0"}}}],"gui_light":"front","display":{"thirdperson_righthand":{"rotation":[-136.93,-87.64,-138.25],"translation":[-1,1.75,-0.5]},"thirdperson_lefthand":{"rotation":[-136.93,-87.64,-138.25],"translation":[-0.75,1.75,0.5]},"firstperson_righthand":{"rotation":[-27.83,-40.43,-1.15],"translation":[2,6.25,-1.5]},"firstperson_lefthand":{"rotation":[-13.68,-25.96,8.5],"translation":[2.75,6.25,-1]},"ground":{"rotation":[34,0,0],"translation":[-0.75,3.5,2.25],"scale":[0.7,0.7,0.7]},"gui":{"rotation":[16,2,-45],"translation":[1.75,2,0],"scale":[1.45,1.45,1.45]},"head":{"translation":[0,14,0.75]},"fixed":{"translation":[-1,3.5,0.75],"scale":[1.5,1.5,1.5]}},"groups":[{"name":"group","origin":[8,8,8],"color":0,"nbt":"{}","armAnimationEnabled":false,"children":[0,1,2]}]}