{"credit":"Made with Blockbench","parent":"block/block","textures":{"particle":"block/soul_lantern","lantern":"block/soul_lantern"},"elements":[{"from":[5,0,5],"to":[11,7,11],"faces":{"north":{"uv":[0,2,6,9],"texture":"#lantern"},"east":{"uv":[0,2,6,9],"texture":"#lantern"},"south":{"uv":[0,2,6,9],"texture":"#lantern"},"west":{"uv":[0,2,6,9],"texture":"#lantern"},"up":{"uv":[0,9,6,15],"texture":"#lantern"},"down":{"uv":[0,9,6,15],"texture":"#lantern","cullface":"down"}}},{"from":[6,7,6],"to":[10,9,10],"faces":{"north":{"uv":[1,0,5,2],"texture":"#lantern"},"east":{"uv":[1,0,5,2],"texture":"#lantern"},"south":{"uv":[1,0,5,2],"texture":"#lantern"},"west":{"uv":[1,0,5,2],"texture":"#lantern"},"up":{"uv":[1,10,5,14],"texture":"#lantern"}}},{"from":[6.5,9,8],"to":[9.5,11,8],"shade":false,"rotation":{"angle":45,"axis":"y","origin":[8,8,8]},"faces":{"north":{"uv":[14,1,11,3],"texture":"#lantern"},"south":{"uv":[11,1,14,3],"texture":"#lantern"}}},{"from":[8,9,6.5],"to":[8,11,9.5],"shade":false,"rotation":{"angle":45,"axis":"y","origin":[8,8,8]},"faces":{"east":{"uv":[11,10,14,12],"texture":"#lantern"},"west":{"uv":[14,10,11,12],"texture":"#lantern"}}}],"gui_light":"front","display":{"thirdperson_righthand":{"rotation":[63.25,0,0],"translation":[0,-2.15,-1.8],"scale":[0.8,0.8,0.8]},"thirdperson_lefthand":{"rotation":[63.25,0,0],"translation":[0,-2.15,-1.8],"scale":[0.8,0.8,0.8]},"firstperson_righthand":{"rotation":[355,20,5],"translation":[6,4,-5]},"firstperson_lefthand":{"rotation":[355,20,5],"translation":[6,4,-5]},"ground":{"translation":[0,3.75,0],"scale":[0.8,0.8,0.8]},"gui":{"rotation":[-170.25,-44.1,149.51],"translation":[-1.75,3.5,0],"scale":[1.3,1.3,1.3]},"head":{"translation":[0,16.75,0],"scale":[1.3,1.3,1.3]},"fixed":{"translation":[0,4,-4],"scale":[1.5,1.5,1.5]}},"groups":[{"name":"template_lantern","origin":[8,8,8],"color":0,"nbt":"{}","armAnimationEnabled":false,"children":[0,1,2,3]}]}