{
	"credit": "Made with Blockbench",
	"textures": {
		"2": "item/bottles/splash_potion",
		"particle": "item/bottles/splash_potion"
	},
	"elements": [
		{
			"from": [4.2, 8, 7.2],
			"to": [7.8, 10, 10.8],
			"rotation": {"angle": 45, "axis": "x", "origin": [6, 7.25, 8]},
			"faces": {
				"north": {"uv": [14, 11, 16, 12], "texture": "#2"},
				"east": {"uv": [14, 12, 16, 13], "texture": "#2"},
				"south": {"uv": [14, 10, 16, 11], "texture": "#2"},
				"west": {"uv": [14, 15, 16, 16], "texture": "#2"},
				"up": {"uv": [16, 15, 14, 13], "texture": "#2"},
				"down": {"uv": [16, 8, 14, 10], "texture": "#2"}
			}
		},
		{
			"from": [4.5, 3.5, 7.5],
			"to": [7.5, 8.5, 10.5],
			"rotation": {"angle": 45, "axis": "x", "origin": [6, 7.25, 8]},
			"faces": {
				"north": {"uv": [0, 13.5, 1.5, 16], "texture": "#2"},
				"east": {"uv": [4.5, 13.5, 6, 16], "texture": "#2"},
				"south": {"uv": [1.5, 13.5, 3, 16], "texture": "#2"},
				"west": {"uv": [3, 13.5, 4.5, 16], "texture": "#2"},
				"up": {"uv": [7.5, 16, 6, 14.5], "texture": "#2"},
				"down": {"uv": [4.5, 1.5, 3, 3], "texture": "#2"}
			}
		},
		{
			"from": [3, 0, 5],
			"to": [9, 5, 11],
			"faces": {
				"north": {"uv": [0, 6, 3, 8.5], "texture": "#2"},
				"east": {"uv": [0, 6, 3, 8.5], "texture": "#2"},
				"south": {"uv": [0, 6, 3, 8.5], "texture": "#2"},
				"west": {"uv": [0, 6, 3, 8.5], "texture": "#2"},
				"up": {"uv": [3, 3, 0, 0], "texture": "#2"},
				"down": {"uv": [3, 3, 0, 6], "texture": "#2"}
			}
		},
		{
			"from": [3.1, 0.1, 5.1],
			"to": [8.9, 4.9, 10.9],
			"faces": {
				"north": {"uv": [0, 8.5, 2.5, 10.5], "texture": "#2", "tintindex": 0},
				"east": {"uv": [3, 7.5, 5.5, 9.5], "texture": "#2", "tintindex": 0},
				"south": {"uv": [6, 7, 8.5, 9], "texture": "#2", "tintindex": 0},
				"west": {"uv": [6, 5, 8.5, 7], "texture": "#2", "tintindex": 0},
				"up": {"uv": [8.5, 2.5, 6, 0], "texture": "#2", "tintindex": 0},
				"down": {"uv": [8.5, 2.5, 6, 5], "texture": "#2", "tintindex": 0}
			}
		}
	],
	"gui_light": "front",
	"display": {
		"thirdperson_righthand": {
			"translation": [1.75, 0.25, 0],
			"scale": [0.9, 0.9, 0.9]
		},
		"thirdperson_lefthand": {
			"translation": [-1.75, 0, 0],
			"scale": [0.9, 0.9, 0.9]
		},
		"firstperson_righthand": {
			"rotation": [17, -180, -1.7],
			"translation": [3, 4, -1.75]
		},
		"firstperson_lefthand": {
			"rotation": [11.52, -180, -1.7],
			"translation": [5.5, 4.25, -1]
		},
		"ground": {
			"translation": [1.5, 3.25, 0.25],
			"scale": [0.7, 0.7, 0.7]
		},
		"gui": {
			"rotation": [-10.66, -46.78, 19.62],
			"translation": [0.75, 5.75, 0],
			"scale": [1.35, 1.35, 1.35]
		},
		"head": {
			"translation": [2.25, 16, 0],
			"scale": [1.2, 1.2, 1.2]
		},
		"fixed": {
			"rotation": [-90, 0, 0],
			"translation": [4, 0, -13.5],
			"scale": [1.7, 1.7, 1.7]
		}
	},
	"groups": [
		{
			"name": "group",
			"origin": [0, 0, 0],
			"color": 0,
			"nbt": "{}",
			"armAnimationEnabled": false,
			"children": [0, 1, 2, 3]
		}
	]
}