{"credit":"Made with Blockbench","texture_size":[32,32],"textures":{"0":"item/stone_axe","particle":"item/stone_axe"},"elements":[{"from":[7,0,7],"to":[9,15.2768,9],"faces":{"north":{"uv":[0,0,1,7.5],"texture":"#0"},"east":{"uv":[1,0,2,7.5],"texture":"#0"},"south":{"uv":[2,0,3,7.5],"texture":"#0"},"west":{"uv":[3,0,4,7.5],"texture":"#0"},"up":{"uv":[1.5,8.5,0.5,7.5],"texture":"#0"},"down":{"uv":[2.5,7.5,1.5,8.5],"texture":"#0"}}},{"from":[6.52,11,6],"to":[9.46,14,11],"faces":{"north":{"uv":[5.5,6,7,7.5],"texture":"#0"},"east":{"uv":[6,0,8.5,1.5],"texture":"#0"},"south":{"uv":[7,5.5,8.5,7],"texture":"#0"},"west":{"uv":[6,1.5,8.5,3],"texture":"#0"},"up":{"uv":[7.5,5.5,6,3],"texture":"#0"},"down":{"uv":[5.5,6,4,8.5],"texture":"#0"}}},{"from":[7.52,9.6,3],"to":[8.46,15.36,7],"faces":{"north":{"uv":[7,7,7.5,10],"texture":"#0"},"east":{"uv":[4,0,6,3],"texture":"#0"},"south":{"uv":[0,7.5,0.5,10.5],"texture":"#0"},"west":{"uv":[4,3,6,6],"texture":"#0"},"up":{"uv":[3,9.5,2.5,7.5],"texture":"#0"},"down":{"uv":[3.5,7.5,3,9.5],"texture":"#0"}}}],"gui_light":"front","display":{"thirdperson_righthand":{"translation":[0,3.5,1.5]},"thirdperson_lefthand":{"translation":[0,3.5,2]},"firstperson_righthand":{"rotation":[19,0,0],"translation":[-0.25,4,0],"scale":[0.8,0.95,0.8]},"firstperson_lefthand":{"rotation":[19,0,0],"translation":[-0.25,4.25,0],"scale":[0.8,0.95,0.8]},"ground":{"rotation":[36,0,0],"translation":[0,3,0],"scale":[0.7,0.7,0.7]},"gui":{"rotation":[83.13,49.6,-112.84],"translation":[0.25,-1,0],"scale":[1.05,1.05,1.05]},"head":{"translation":[0,17.25,-0.5],"scale":[1.4,1.4,1.4]},"fixed":{"rotation":[0,90,0],"translation":[0,0.5,-1.25],"scale":[1.7,1.7,1.7]}}}