{"credit":"Made with Blockbench","textures":{"1":"item/sugar_cane"},"elements":[{"from":[10,5.28702,9],"to":[10,8.28702,11],"rotation":{"angle":0,"axis":"y","origin":[1,0.28702,2]},"faces":{"north":{"uv":[14,13,14,16],"texture":"#1"},"east":{"uv":[14,13,16,16],"texture":"#1"},"south":{"uv":[14,13,14,16],"texture":"#1"},"west":{"uv":[14,13,16,16],"texture":"#1"},"up":{"uv":[14,13,14,15],"texture":"#1"},"down":{"uv":[14,13,14,15],"texture":"#1"}}},{"from":[5,7.28702,6],"to":[7,10.28702,6],"rotation":{"angle":0,"axis":"y","origin":[6,6.78702,2]},"faces":{"north":{"uv":[14,13,16,16],"texture":"#1"},"east":{"uv":[14,13,14,16],"texture":"#1"},"south":{"uv":[14,13,16,16],"texture":"#1"},"west":{"uv":[14,13,14,16],"texture":"#1"},"up":{"uv":[16,13,14,13],"texture":"#1"},"down":{"uv":[16,13,14,13],"texture":"#1"}}},{"from":[5,4.28702,9],"to":[7,14.28702,11],"rotation":{"angle":-22.5,"axis":"x","origin":[8,3.28702,9]},"faces":{"north":{"uv":[0,0,2,10],"texture":"#1"},"east":{"uv":[2,0,4,10],"texture":"#1"},"south":{"uv":[4,0,6,10],"texture":"#1"},"west":{"uv":[6,0,8,10],"texture":"#1"},"up":{"uv":[10,2,8,0],"texture":"#1"},"down":{"uv":[10,2,8,4],"texture":"#1"}}},{"from":[8,3.28702,9],"to":[10,13.28702,11],"rotation":{"angle":-22.5,"axis":"z","origin":[9,8.28702,10]},"faces":{"north":{"uv":[0,0,2,10],"texture":"#1"},"east":{"uv":[2,0,4,10],"texture":"#1"},"south":{"uv":[4,0,6,10],"texture":"#1"},"west":{"uv":[6,0,8,10],"texture":"#1"},"up":{"uv":[10,2,8,0],"texture":"#1"},"down":{"uv":[10,2,8,4],"texture":"#1"}}}],"gui_light":"front","display":{"thirdperson_righthand":{"rotation":[17.24,15.95,-6.09],"translation":[0.25,2.5,0.75]},"thirdperson_lefthand":{"rotation":[17.24,15.95,-6.09],"translation":[-0.75,2.5,0.75]},"firstperson_righthand":{"rotation":[153.3,-29.87,-157.66],"translation":[5,1.75,-2.25]},"firstperson_lefthand":{"rotation":[-52.51,-58.72,-31.8],"translation":[5.5,0.75,-4]},"ground":{"rotation":[-14,0,0],"translation":[0,1.5,-0.5],"scale":[0.8,0.8,0.8]},"gui":{"rotation":[-162.76,-58.98,-133.65],"translation":[-0.25,-1.25,0],"scale":[1.35,1.35,1.35]},"head":{"rotation":[-64.45,26.3,-12.76],"translation":[0,6.5,0],"scale":[1.5,1.5,1.5]},"fixed":{"rotation":[20.25,25.5,0],"translation":[0,-1.5,-4.25],"scale":[2,2,2]}},"groups":[{"name":"group","origin":[9,8.28702,10],"color":0,"nbt":"{}","armAnimationEnabled":false,"children":[0,1,2,3]}]}