{"credit":"Made with Blockbench","textures":{"0":"item/sweet_berrys","particle":"item/sweet_berrys"},"elements":[{"from":[8,0,6],"to":[11,3,9],"rotation":{"angle":-45,"axis":"y","origin":[9.5,1.5,7.5]},"faces":{"north":{"uv":[0,5,3,8],"texture":"#0"},"east":{"uv":[3,5,6,8],"texture":"#0"},"south":{"uv":[6,0,9,3],"texture":"#0"},"west":{"uv":[6,3,9,6],"texture":"#0"},"up":{"uv":[9,9,6,6],"texture":"#0"},"down":{"uv":[3,8,0,11],"texture":"#0"}}},{"from":[5,1,6],"to":[8,4,9],"faces":{"north":{"uv":[3,8,6,11],"texture":"#0"},"east":{"uv":[9,0,12,3],"texture":"#0"},"south":{"uv":[9,3,12,6],"texture":"#0"},"west":{"uv":[6,9,9,12],"texture":"#0"},"up":{"uv":[12,9,9,6],"texture":"#0"},"down":{"uv":[12,9,9,12],"texture":"#0"}}},{"from":[8.26781,4.97954,8.31179],"to":[10.26781,4.97954,12.31179],"rotation":{"angle":45,"axis":"x","origin":[7.76781,4.97954,7.81179]},"faces":{"north":{"uv":[0,0,2,0],"texture":"#0"},"east":{"uv":[0,0,4,0],"texture":"#0"},"south":{"uv":[0,0,2,0],"texture":"#0"},"west":{"uv":[0,0,4,0],"texture":"#0"},"up":{"uv":[2,15,0,11],"texture":"#0"},"down":{"uv":[2,11,0,15],"texture":"#0"}}},{"from":[6.26781,4.9795,2.31179],"to":[9.26781,4.9795,7.31179],"rotation":{"angle":-22.5,"axis":"x","origin":[7.76781,4.97954,7.81179]},"faces":{"north":{"uv":[0,0,3,0],"texture":"#0"},"east":{"uv":[0,0,5,0],"texture":"#0"},"south":{"uv":[0,0,3,0],"texture":"#0"},"west":{"uv":[0,0,5,0],"texture":"#0"},"up":{"uv":[3,5,0,0],"texture":"#0"},"down":{"uv":[3,0,0,5],"texture":"#0"}}},{"from":[6.95461,2.8,7.15461],"to":[7.95461,4.8,7.15461],"rotation":{"angle":-22.5,"axis":"x","origin":[6.45461,4.31283,7.5]},"faces":{"north":{"uv":[13,12,14,14],"texture":"#0"},"east":{"uv":[13,12,13,14],"texture":"#0"},"south":{"uv":[14,12,15,14],"texture":"#0"},"west":{"uv":[13,12,13,14],"texture":"#0"},"up":{"uv":[14,12,13,12],"texture":"#0"},"down":{"uv":[14,12,13,12],"texture":"#0"}}},{"from":[8.95461,2.83,7.8],"to":[9.95461,4.83,7.8],"rotation":{"angle":22.5,"axis":"x","origin":[9.45461,3.70686,7.37716]},"faces":{"north":{"uv":[13,14,14,16],"texture":"#0"},"east":{"uv":[13,12,13,14],"texture":"#0"},"south":{"uv":[15,12,16,14],"texture":"#0"},"west":{"uv":[13,12,13,14],"texture":"#0"},"up":{"uv":[14,12,13,12],"texture":"#0"},"down":{"uv":[14,12,13,12],"texture":"#0"}}}],"gui_light":"front","display":{"thirdperson_righthand":{"rotation":[87.23,6.86,16.93],"translation":[-1.75,-0.25,4.25]},"thirdperson_lefthand":{"rotation":[87.23,6.86,16.93],"translation":[-1.75,-0.75,4.25]},"firstperson_righthand":{"rotation":[-3.25,-45.75,0],"translation":[0,8.25,0.5]},"firstperson_lefthand":{"rotation":[-3.25,-45.75,0],"translation":[0,8.25,0.5]},"ground":{"translation":[0,5.5,0]},"gui":{"rotation":[52.33,-26.33,17.86],"translation":[-3.5,6.5,0],"scale":[2,2,2]},"head":{"rotation":[0,0,19],"translation":[-3,16,0],"scale":[1.3,1.3,1.3]},"fixed":{"rotation":[-90,0,17.75],"translation":[-4,2.5,-14.75],"scale":[2,2,2]}},"groups":[{"name":"group","origin":[7.76781,4.97954,7.81179],"color":0,"nbt":"{}","armAnimationEnabled":false,"children":[0,1,2,3]},{"name":"group","origin":[9.45461,3.70686,7.37716],"color":0,"nbt":"{}","armAnimationEnabled":false,"children":[4,5]}]}