{
	"credit": "Made with Blockbench",
	"textures": {
		"0": "item/tadpole_bucket"
	},
	"elements": [
		{
			"name": "body",
			"from": [6.86, 7.88603, 6.78426],
			"to": [9.14, 10.16603, 8.30426],
			"rotation": {"angle": -45, "axis": "x", "origin": [8.76, 9.40603, 7.92426]},
			"faces": {
				"north": {"uv": [16, 11.5, 14.5, 13], "rotation": 180, "texture": "#0"},
				"east": {"uv": [14.5, 13, 16, 14], "rotation": 270, "texture": "#0"},
				"south": {"uv": [16, 11.5, 14.5, 10], "texture": "#0"},
				"west": {"uv": [16, 13, 14.5, 14], "rotation": 90, "texture": "#0"},
				"up": {"uv": [14.5, 15, 16, 16], "rotation": 180, "texture": "#0"},
				"down": {"uv": [14.5, 14, 16, 15], "texture": "#0"}
			}
		},
		{
			"name": "tail",
			"from": [8, 2.56603, 6.78426],
			"to": [8, 7.88603, 8.30426],
			"rotation": {"angle": -45, "axis": "x", "origin": [8.76, 9.40603, 7.92426]},
			"faces": {
				"east": {"uv": [12.5, 8, 16, 9], "rotation": 270, "texture": "#0"},
				"west": {"uv": [16, 8, 12.5, 9], "rotation": 90, "texture": "#0"}
			}
		},
		{
			"from": [6, 1, 10],
			"to": [10, 9, 11],
			"faces": {
				"north": {"uv": [6, 6, 8, 10], "texture": "#0"},
				"south": {"uv": [0, 8, 2, 12], "texture": "#0"},
				"up": {"uv": [8.5, 10.5, 6.5, 10], "texture": "#0"}
			}
		},
		{
			"from": [6, 1, 5],
			"to": [10, 9, 6],
			"faces": {
				"north": {"uv": [2, 8, 4, 12], "texture": "#0"},
				"south": {"uv": [4, 8, 6, 12], "texture": "#0"},
				"up": {"uv": [12.5, 1.5, 10.5, 1], "texture": "#0"}
			}
		},
		{
			"from": [5, 1, 5],
			"to": [6, 9, 11],
			"faces": {
				"north": {"uv": [9, 8, 9.5, 12], "texture": "#0"},
				"east": {"uv": [0, 0, 3, 4], "texture": "#0"},
				"south": {"uv": [9.5, 0, 10, 4], "texture": "#0"},
				"west": {"uv": [3, 0, 6, 4], "texture": "#0"},
				"up": {"uv": [10.5, 3, 10, 0], "texture": "#0"}
			}
		},
		{
			"from": [6, 7, 6],
			"to": [10, 8, 10],
			"faces": {
				"up": {"uv": [12.5, 4, 10.5, 2], "texture": "#0"},
				"down": {"uv": [4, 4, 0, 8], "texture": "#0"}
			}
		},
		{
			"from": [10, 1, 5],
			"to": [11, 9, 11],
			"faces": {
				"north": {"uv": [9.5, 4, 10, 8], "texture": "#0"},
				"east": {"uv": [0, 4, 3, 8], "texture": "#0"},
				"south": {"uv": [9.5, 8, 10, 12], "texture": "#0"},
				"west": {"uv": [3, 4, 6, 8], "texture": "#0"},
				"up": {"uv": [6.5, 13, 6, 10], "texture": "#0"}
			}
		},
		{
			"from": [5, 0, 5],
			"to": [11, 1, 11],
			"faces": {
				"north": {"uv": [10, 9, 13, 9.5], "texture": "#0"},
				"east": {"uv": [10, 9.5, 13, 10], "texture": "#0"},
				"south": {"uv": [10, 10, 13, 10.5], "texture": "#0"},
				"west": {"uv": [10.5, 0, 13.5, 0.5], "texture": "#0"},
				"up": {"uv": [9, 3, 6, 0], "texture": "#0"},
				"down": {"uv": [9, 3, 6, 6], "texture": "#0", "cullface": "down"}
			}
		}
	],
	"gui_light": "front",
	"display": {
		"thirdperson_righthand": {
			"rotation": [65.35, 0.87, 1.03],
			"translation": [-0.25, 1, -0.75],
			"scale": [0.9, 0.9, 0.9]
		},
		"thirdperson_lefthand": {
			"rotation": [65.35, 0.87, 1.03],
			"translation": [-0.25, 1, -0.75],
			"scale": [0.9, 0.9, 0.9]
		},
		"firstperson_righthand": {
			"rotation": [24.74, -3.72, 19.9],
			"translation": [2.25, 5, -1.5]
		},
		"firstperson_lefthand": {
			"rotation": [-114.08, 63.54, 123.13],
			"translation": [1.75, 5.5, -0.75]
		},
		"ground": {
			"translation": [0, 4, 0],
			"scale": [0.8, 0.8, 0.8]
		},
		"gui": {
			"rotation": [-114.88, -32.79, -156.45],
			"translation": [2, 2.5, 0],
			"scale": [1.3, 1.3, 1.3]
		},
		"head": {
			"translation": [0.25, 18, 0],
			"scale": [1.5, 1.5, 1.5]
		},
		"fixed": {
			"rotation": [-90, -90, 0],
			"translation": [0, 0, -15.5],
			"scale": [2, 2, 2]
		}
	},
	"groups": [
		{
			"name": "group",
			"origin": [0, 0, 0],
			"color": 0,
			"nbt": "{}",
			"armAnimationEnabled": false,
			"children": [
				{
					"name": "group",
					"origin": [9, 10, 7.5],
					"color": 0,
					"nbt": "{}",
					"armAnimationEnabled": false,
					"children": [0, 1]
				},
				{
					"name": "group",
					"origin": [0, 0, 0],
					"color": 0,
					"nbt": "{}",
					"armAnimationEnabled": false,
					"children": [2, 3, 4, 5, 6, 7]
				}
			]
		}
	]
}