{"credit":"Made with Blockbench","texture_size":[32,32],"textures":{"0":"item/totem_of_undying","particle":"item/totem_of_undying"},"elements":[{"from":[6,0,3],"to":[9,13,9],"faces":{"north":{"uv":[11,9,12.5,15.5],"texture":"#0"},"east":{"uv":[13,9.5,16,16],"texture":"#0"},"south":{"uv":[8.5,9,10,15.5],"texture":"#0"},"west":{"uv":[13,3,16,9.5],"texture":"#0"},"up":{"uv":[4,11,2.5,8],"texture":"#0"},"down":{"uv":[5.5,8,4,11],"texture":"#0"}}},{"from":[6.5,4,1],"to":[8.5,7,11],"faces":{"north":{"uv":[3.5,4,4.5,5.5],"texture":"#0"},"east":{"uv":[0,14.5,5,16],"texture":"#0"},"south":{"uv":[5.5,8,6.5,9.5],"texture":"#0"},"west":{"uv":[0,13,5,14.5],"texture":"#0"},"up":{"uv":[8.5,5,7.5,0],"texture":"#0"},"down":{"uv":[2.5,8,1.5,13],"texture":"#0"}}},{"from":[9,5.5,5],"to":[10,8.5,7],"faces":{"north":{"uv":[8.5,0,9,1.5],"texture":"#0"},"east":{"uv":[6.5,8,7.5,9.5],"texture":"#0"},"south":{"uv":[8.5,1.5,9,3],"texture":"#0"},"west":{"uv":[7.5,8,8.5,9.5],"texture":"#0"},"up":{"uv":[9,4,8.5,3],"texture":"#0"},"down":{"uv":[9,4,8.5,5],"texture":"#0"}}}],"gui_light":"front","display":{"thirdperson_righthand":{"rotation":[-118.8,-88.41,-119.46],"translation":[-1.5,3.25,2.5],"scale":[0.85,0.7,0.7]},"thirdperson_lefthand":{"rotation":[-6.79,89.74,6.66],"translation":[1.25,3.5,2],"scale":[0.85,0.7,0.7]},"firstperson_righthand":{"rotation":[180,-18.25,180],"translation":[8,0.75,-9.25]},"firstperson_lefthand":{"rotation":[0,22.75,0],"translation":[9.25,0.25,-5.75]},"ground":{"translation":[0.5,3.5,1.25],"scale":[0.91602,0.75,0.75]},"gui":{"rotation":[18.45,-52.74,33.18],"translation":[-1.75,1.25,0],"scale":[1.44,1.05,1.18]},"head":{"rotation":[0,89,0],"translation":[1.75,-11.75,-4.5]},"fixed":{"rotation":[0,90,0],"translation":[3,2.25,-2.75],"scale":[1.5,1.5,1.5]}},"groups":[{"name":"group","origin":[8,8,8],"color":0,"nbt":"{}","armAnimationEnabled":false,"children":[0,1,2]}]}