{"credit":"Made with Blockbench","texture_size":[32,32],"textures":{"0":"item/tropical_bucket"},"elements":[{"from":[6,1,10],"to":[10,9,11],"faces":{"north":{"uv":[3,3,4,5],"texture":"#0"},"east":{"uv":[4,3,4.25,5],"texture":"#0"},"south":{"uv":[0,4,1,6],"texture":"#0"},"west":{"uv":[4.25,3,4.5,5],"texture":"#0"},"up":{"uv":[4.25,5.25,3.25,5],"texture":"#0"},"down":{"uv":[6.25,0.25,5.25,0.5],"texture":"#0"}}},{"from":[6,1,5],"to":[10,9,6],"faces":{"north":{"uv":[1,4,2,6],"texture":"#0"},"east":{"uv":[4.5,0,4.75,2],"texture":"#0"},"south":{"uv":[2,4,3,6],"texture":"#0"},"west":{"uv":[4.5,2,4.75,4],"texture":"#0"},"up":{"uv":[6.25,0.75,5.25,0.5],"texture":"#0"},"down":{"uv":[6.25,0.75,5.25,1],"texture":"#0"}}},{"from":[5,1,5],"to":[6,9,11],"faces":{"north":{"uv":[4.5,4,4.75,6],"texture":"#0"},"east":{"uv":[0,0,1.5,2],"texture":"#0"},"south":{"uv":[4.75,0,5,2],"texture":"#0"},"west":{"uv":[1.5,0,3,2],"texture":"#0"},"up":{"uv":[5.25,1.5,5,0],"texture":"#0"},"down":{"uv":[5.25,1.5,5,3],"texture":"#0"}}},{"from":[6,7,6],"to":[10,8,10],"faces":{"north":{"uv":[2,0,4,0.5],"texture":"#0"},"east":{"uv":[2,0.5,4,1],"texture":"#0"},"south":{"uv":[2,1,4,1.5],"texture":"#0"},"west":{"uv":[2,1.5,4,2],"texture":"#0"},"up":{"uv":[6.25,2,5.25,1],"texture":"#0"},"down":{"uv":[2,2,0,4],"texture":"#0"}}},{"from":[10,1,5],"to":[11,9,11],"faces":{"north":{"uv":[4.75,2,5,4],"texture":"#0"},"east":{"uv":[0,2,1.5,4],"texture":"#0"},"south":{"uv":[4.75,4,5,6],"texture":"#0"},"west":{"uv":[1.5,2,3,4],"texture":"#0"},"up":{"uv":[3.25,6.5,3,5],"texture":"#0"},"down":{"uv":[5.25,3,5,4.5],"texture":"#0"}}},{"from":[5,0,5],"to":[11,1,11],"faces":{"north":{"uv":[5,4.5,6.5,4.75],"texture":"#0"},"east":{"uv":[5,4.75,6.5,5],"texture":"#0"},"south":{"uv":[5,5,6.5,5.25],"texture":"#0"},"west":{"uv":[5.25,0,6.75,0.25],"texture":"#0"},"up":{"uv":[4.5,1.5,3,0],"texture":"#0"},"down":{"uv":[4.5,1.5,3,3],"texture":"#0"}}},{"name":"tail","from":[8,3.10311,6.19922],"to":[8,7.10311,9.19922],"rotation":{"angle":-22.5,"axis":"x","origin":[8,8.05761,8.35195]},"faces":{"north":{"uv":[15,10.5,15,11.5],"rotation":180,"texture":"#0"},"east":{"uv":[14,11.5,15,12.25],"rotation":270,"texture":"#0"},"south":{"uv":[15,11.5,15,10.5],"texture":"#0"},"west":{"uv":[15,11.5,16,12.25],"rotation":90,"texture":"#0"},"up":{"uv":[15,11.5,15,12.25],"rotation":180,"texture":"#0"},"down":{"uv":[16,11.5,16,12.25],"texture":"#0"}}},{"name":"fin_top","from":[8,7.10311,9.19922],"to":[8,13.10311,13.19922],"rotation":{"angle":-22.5,"axis":"x","origin":[8,8.05761,8.35195]},"faces":{"north":{"uv":[12,10,12,11.5],"rotation":180,"texture":"#0"},"east":{"uv":[10.5,11.5,12,12.5],"rotation":270,"texture":"#0"},"south":{"uv":[12,11.5,12,10],"texture":"#0"},"west":{"uv":[12,11.5,13.5,12.5],"rotation":90,"texture":"#0"},"up":{"uv":[12,11.5,12,12.5],"rotation":180,"texture":"#0"},"down":{"uv":[13.5,11.5,13.5,12.5],"texture":"#0"}}},{"name":"left_fin","from":[5,10.10311,6.19922],"to":[7,10.10311,8.19922],"rotation":{"angle":-22.5,"axis":"x","origin":[8,8.05761,8.35195]},"faces":{"north":{"uv":[9.5,14.5,9,14.5],"rotation":180,"texture":"#0"},"east":{"uv":[8.5,14.5,8.5,15],"rotation":270,"texture":"#0"},"south":{"uv":[9,14.5,8.5,14.5],"texture":"#0"},"west":{"uv":[9,14.5,9,15],"rotation":90,"texture":"#0"},"up":{"uv":[8.5,14.5,9,15],"rotation":180,"texture":"#0"},"down":{"uv":[9,14.5,9.5,15],"texture":"#0"}}},{"name":"right_fin","from":[9,10.10311,6.19922],"to":[11,10.10311,8.19922],"rotation":{"angle":-22.5,"axis":"x","origin":[8,8.05761,8.35195]},"faces":{"north":{"uv":[9.5,15.5,9,15.5],"rotation":180,"texture":"#0"},"east":{"uv":[8.5,15.5,8.5,16],"rotation":270,"texture":"#0"},"south":{"uv":[9,15.5,8.5,15.5],"texture":"#0"},"west":{"uv":[9,15.5,9,16],"rotation":90,"texture":"#0"},"up":{"uv":[8.5,15.5,9,16],"rotation":180,"texture":"#0"},"down":{"uv":[9,15.5,9.5,16],"texture":"#0"}}},{"name":"body","from":[7,7.10311,6.19922],"to":[9,13.10311,9.19922],"rotation":{"angle":-22.5,"axis":"x","origin":[8,8.05761,8.35195]},"faces":{"north":{"uv":[10.5,11.5,10,13],"rotation":180,"texture":"#0"},"east":{"uv":[8,13,9.5,13.75],"rotation":270,"texture":"#0"},"south":{"uv":[10,13,9.5,11.5],"texture":"#0"},"west":{"uv":[10,13,11.5,13.75],"rotation":90,"texture":"#0"},"up":{"uv":[9.5,13,10,13.75],"rotation":180,"texture":"#0"},"down":{"uv":[11.5,13,12,13.75],"texture":"#0"}}}],"gui_light":"front","display":{"thirdperson_righthand":{"rotation":[65.35,0.87,1.03],"translation":[-0.25,1,-0.75],"scale":[0.9,0.9,0.9]},"thirdperson_lefthand":{"rotation":[65.35,0.87,1.03],"translation":[-0.25,1,-0.75],"scale":[0.9,0.9,0.9]},"firstperson_righthand":{"rotation":[24.74,-3.72,19.9],"translation":[2.25,5,-1.5]},"firstperson_lefthand":{"rotation":[-114.08,63.54,123.13],"translation":[1.75,5.5,-0.75]},"ground":{"translation":[0,4,0],"scale":[0.8,0.8,0.8]},"gui":{"rotation":[-114.88,-32.79,-156.45],"translation":[2,2.5,0],"scale":[1.3,1.3,1.3]},"head":{"translation":[0.25,18,0],"scale":[1.5,1.5,1.5]},"fixed":{"rotation":[-90,-90,0],"translation":[0,0,-15.5],"scale":[2,2,2]}}}