{"credit":"Made with Blockbench","texture_size":[32,32],"textures":{"0":"item/tropical_fish","particle":"item/tropical_fish"},"elements":[{"name":"body","from":[-1,0,-3],"to":[1,3,3],"rotation":{"angle":0,"axis":"y","origin":[0,3,2.5]},"faces":{"north":{"uv":[3,7,4,8.5],"texture":"#0"},"east":{"uv":[0,7,3,8.5],"texture":"#0"},"south":{"uv":[7,7,8,8.5],"texture":"#0"},"west":{"uv":[4,7,7,8.5],"texture":"#0"},"up":{"uv":[4,7,3,4],"texture":"#0"},"down":{"uv":[5,4,4,7],"texture":"#0"}}},{"name":"right_fin","from":[1,0,0],"to":[3,2,0],"rotation":{"angle":0,"axis":"y","origin":[0,3,2.5]},"faces":{"north":{"uv":[1,12,2,13],"texture":"#0"},"east":{"uv":[1,12,1,13],"texture":"#0"},"south":{"uv":[2,12,3,13],"texture":"#0"},"west":{"uv":[2,12,2,13],"texture":"#0"},"up":{"uv":[2,12,1,12],"texture":"#0"},"down":{"uv":[3,12,2,12],"texture":"#0"}}},{"name":"left_fin","from":[-3,0,0],"to":[-1,2,0],"rotation":{"angle":0,"axis":"y","origin":[0,3,2.5]},"faces":{"north":{"uv":[1,10,2,11],"texture":"#0"},"east":{"uv":[1,10,1,11],"texture":"#0"},"south":{"uv":[2,10,3,11],"texture":"#0"},"west":{"uv":[2,10,2,11],"texture":"#0"},"up":{"uv":[2,10,1,10],"texture":"#0"},"down":{"uv":[3,10,2,10],"texture":"#0"}}},{"name":"fin_top","from":[0,3,-3],"to":[0,7,3],"rotation":{"angle":0,"axis":"y","origin":[0,3,2.5]},"faces":{"north":{"uv":[8,4,8,6],"texture":"#0"},"east":{"uv":[5,4,8,6],"texture":"#0"},"south":{"uv":[11,4,11,6],"texture":"#0"},"west":{"uv":[8,4,11,6],"texture":"#0"},"up":{"uv":[8,4,8,1],"texture":"#0"},"down":{"uv":[8,1,8,4],"texture":"#0"}}},{"name":"tail","from":[0,0,3],"to":[0,3,7],"rotation":{"angle":0,"axis":"y","origin":[0,3,2.5]},"faces":{"north":{"uv":[14,4,14,5.5],"texture":"#0"},"east":{"uv":[12,4,14,5.5],"texture":"#0"},"south":{"uv":[16,4,16,5.5],"texture":"#0"},"west":{"uv":[14,4,16,5.5],"texture":"#0"},"up":{"uv":[14,4,14,2],"texture":"#0"},"down":{"uv":[14,2,14,4],"texture":"#0"}}}],"gui_light":"front","display":{"thirdperson_righthand":{"rotation":[90,0,0],"translation":[8.75,-8,7.5],"scale":[1.1,1.1,1.1]},"thirdperson_lefthand":{"rotation":[90,0,0],"translation":[-8.75,-8,7.5],"scale":[1.1,1.1,1.1]},"firstperson_righthand":{"rotation":[53.4,54.21,-47.53],"translation":[11,6,-0.75]},"firstperson_lefthand":{"rotation":[53.4,54.21,-47.53],"translation":[5.75,5.5,13]},"ground":{"rotation":[0,0,90],"translation":[-6,8,7.25]},"gui":{"rotation":[138.29,39.62,-117.26],"translation":[12.75,9.25,0],"scale":[2,2,2]},"head":{"translation":[12.5,19,12],"scale":[1.6,1.6,1.6]},"fixed":{"rotation":[0,-90,0],"translation":[-14.25,13.75,14.5],"scale":[2,2,2]}},"groups":[{"name":"group","origin":[8,8,8],"color":0,"nbt":"{}","armAnimationEnabled":false,"children":[0,1,2,3,4]}]}