{
	"credit": "Made with Blockbench",
	"textures": {
		"0": "item/turtle_helmet",
		"particle": "item/turtle_helmet"
	},
	"elements": [
		{
			"from": [4, 8.5, 4],
			"to": [12, 11.5, 12],
			"rotation": {"angle": 0, "axis": "y", "origin": [4, 4.5, 4]},
			"faces": {
				"north": {"uv": [4, 0, 8, 1.5], "texture": "#0"},
				"east": {"uv": [4, 1.5, 8, 3], "texture": "#0"},
				"south": {"uv": [4, 3, 8, 4.5], "texture": "#0"},
				"west": {"uv": [4, 4.5, 8, 6], "texture": "#0"},
				"up": {"uv": [4, 4, 0, 0], "texture": "#0"},
				"down": {"uv": [4, 4, 0, 8], "texture": "#0"}
			}
		},
		{
			"from": [4, 4.5, 9],
			"to": [12, 8.5, 12],
			"faces": {
				"north": {"uv": [12, 3.5, 16, 5.5], "texture": "#0"},
				"east": {"uv": [10.5, 0, 12, 2], "texture": "#0"},
				"south": {"uv": [12, 0, 16, 2], "texture": "#0"},
				"west": {"uv": [14.5, 5.5, 16, 7.5], "texture": "#0"},
				"up": {"uv": [12, 1.5, 8, 0], "texture": "#0"},
				"down": {"uv": [16, 2, 12, 3.5], "texture": "#0"}
			}
		},
		{
			"from": [4, 4.5, 7],
			"to": [6, 8.5, 9],
			"faces": {
				"north": {"uv": [13.5, 5.5, 14.5, 7.5], "texture": "#0"},
				"east": {"uv": [11, 2, 12, 4], "texture": "#0"},
				"south": {"uv": [5, 8.5, 6, 10.5], "texture": "#0"},
				"west": {"uv": [13, 7.5, 14, 9.5], "texture": "#0"},
				"up": {"uv": [1, 10.5, 0, 9.5], "texture": "#0"},
				"down": {"uv": [15, 9.5, 14, 10.5], "texture": "#0"}
			}
		},
		{
			"from": [10, 4.5, 7],
			"to": [12, 8.5, 9],
			"faces": {
				"north": {"uv": [14, 7.5, 15, 9.5], "texture": "#0"},
				"east": {"uv": [12.5, 5.5, 13.5, 7.5], "texture": "#0"},
				"south": {"uv": [8, 9, 9, 11], "texture": "#0"},
				"west": {"uv": [15, 7.5, 16, 9.5], "texture": "#0"},
				"up": {"uv": [3, 10.5, 2, 9.5], "texture": "#0"},
				"down": {"uv": [16, 9.5, 15, 10.5], "texture": "#0"}
			}
		},
		{
			"from": [4, 7.5, 4],
			"to": [12, 8.5, 7],
			"faces": {
				"north": {"uv": [7.5, 14.5, 11.5, 15], "texture": "#0"},
				"east": {"uv": [7.5, 15.5, 9, 16], "texture": "#0"},
				"south": {"uv": [7.5, 15, 11.5, 15.5], "texture": "#0"},
				"west": {"uv": [11.5, 11.5, 13, 12], "texture": "#0"},
				"up": {"uv": [11.5, 13, 7.5, 11.5], "texture": "#0"},
				"down": {"uv": [11.5, 13, 7.5, 14.5], "texture": "#0"}
			}
		},
		{
			"from": [6, 7.5, 7],
			"to": [10, 8.5, 9],
			"faces": {
				"north": {"uv": [12, 15.5, 14, 16], "texture": "#0"},
				"east": {"uv": [14, 14, 15, 14.5], "texture": "#0"},
				"south": {"uv": [14, 13.5, 16, 14], "texture": "#0"},
				"west": {"uv": [14, 14.5, 15, 15], "texture": "#0"},
				"up": {"uv": [14, 14.5, 12, 13.5], "texture": "#0"},
				"down": {"uv": [14, 14.5, 12, 15.5], "texture": "#0"}
			}
		}
	],
	"gui_light": "front",
	"display": {
		"thirdperson_righthand": {
			"rotation": [31, 0, 0],
			"translation": [0, 2, 0],
			"scale": [0.8, 0.8, 0.8]
		},
		"thirdperson_lefthand": {
			"rotation": [31, 0, 0],
			"translation": [0, 2, 0],
			"scale": [0.8, 0.8, 0.8]
		},
		"firstperson_righthand": {
			"rotation": [136.07, 68.98, -130.46],
			"translation": [4.75, -0.25, -5.25]
		},
		"firstperson_lefthand": {
			"rotation": [136.07, 68.98, -130.46],
			"translation": [4.75, -0.25, -5.25]
		},
		"ground": {
			"rotation": [26, 0, 0],
			"translation": [0, 1, 0],
			"scale": [0.5, 0.5, 0.5]
		},
		"gui": {
			"rotation": [-153.81, 19.88, 158.46],
			"translation": [0, -0.75, 0],
			"scale": [1.25, 1.25, 1.25]
		},
		"head": {
			"rotation": [-52.5, 0, 0],
			"translation": [0, 10.5, 0],
			"scale": [1.5, 1.5, 1.5]
		},
		"fixed": {
			"rotation": [-140.5, 0, 0],
			"translation": [0, 0, -5.5],
			"scale": [2, 2, 2]
		}
	},
	"groups": [
		{
			"name": "group",
			"origin": [8, 8, 8],
			"color": 0,
			"nbt": "{}",
			"armAnimationEnabled": false,
			"children": [0, 1, 2, 3, 4, 5]
		}
	]
}