{"credit":"Made with Blockbench","texture_size":[32,32],"textures":{"0":"block/warped_fungus","particle":"block/warped_fungus"},"elements":[{"from":[3,5,3],"to":[13,9,13],"faces":{"north":{"uv":[5,0,10,2],"texture":"#0"},"east":{"uv":[5,2,10,4],"texture":"#0"},"south":{"uv":[5,4,10,6],"texture":"#0"},"west":{"uv":[5,6,10,8],"texture":"#0"},"up":{"uv":[5,5,0,0],"texture":"#0"},"down":{"uv":[5,5,0,10],"texture":"#0"}}},{"from":[7,0,7],"to":[9,5,9],"rotation":{"angle":0,"axis":"y","origin":[0.5,7.5,0.5]},"faces":{"north":{"uv":[9,8,8,10.5],"texture":"#0"},"east":{"uv":[8,8,9,10.5],"texture":"#0"},"south":{"uv":[9,8,8,10.5],"texture":"#0"},"west":{"uv":[8,8,9,10.5],"texture":"#0"},"up":{"uv":[10,9,9,8],"texture":"#0"},"down":{"uv":[10,9,9,10],"texture":"#0"}}}],"gui_light":"front","display":{"thirdperson_righthand":{"translation":[0,4.5,2],"scale":[0.8,0.8,0.8]},"thirdperson_lefthand":{"translation":[0,4.5,2],"scale":[0.8,0.8,0.8]},"firstperson_righthand":{"rotation":[-30.5,0,-8.5],"translation":[5.25,2.25,-5.25]},"firstperson_lefthand":{"rotation":[-30.5,0,-8.5],"translation":[5.25,2.25,-5.25]},"ground":{"translation":[0,4,0],"scale":[0.8,0.8,0.8]},"gui":{"rotation":[27.96,-20.51,17.32],"translation":[-0.25,2.5,0],"scale":[1.13,1.13,1.13]},"head":{"translation":[0,16.5,0],"scale":[1.5,1.5,1.5]},"fixed":{"rotation":[-40.75,0,0],"translation":[0,4,-11.25],"scale":[2,2,2]}},"groups":[{"name":"group","origin":[8,8,8],"color":0,"nbt":"{}","armAnimationEnabled":false,"children":[0,1]}]}