{"credit":"Made with Blockbench","textures":{"0":"item/bucket","particle":"item/bucket"},"elements":[{"from":[6,1,10],"to":[10,9,11],"faces":{"north":{"uv":[3,3,4,5],"texture":"#0"},"east":{"uv":[4,3,4.25,5],"texture":"#0"},"south":{"uv":[0,4,1,6],"texture":"#0"},"west":{"uv":[4.25,3,4.5,5],"texture":"#0"},"up":{"uv":[4.25,5.25,3.25,5],"texture":"#0"},"down":{"uv":[6.25,0.25,5.25,0.5],"texture":"#0"}}},{"from":[6,1,5],"to":[10,9,6],"faces":{"north":{"uv":[1,4,2,6],"texture":"#0"},"east":{"uv":[4.5,0,4.75,2],"texture":"#0"},"south":{"uv":[2,4,3,6],"texture":"#0"},"west":{"uv":[4.5,2,4.75,4],"texture":"#0"},"up":{"uv":[6.25,0.75,5.25,0.5],"texture":"#0"},"down":{"uv":[6.25,0.75,5.25,1],"texture":"#0"}}},{"from":[5,1,5],"to":[6,9,11],"faces":{"north":{"uv":[4.5,4,4.75,6],"texture":"#0"},"east":{"uv":[0,0,1.5,2],"texture":"#0"},"south":{"uv":[4.75,0,5,2],"texture":"#0"},"west":{"uv":[1.5,0,3,2],"texture":"#0"},"up":{"uv":[5.25,1.5,5,0],"texture":"#0"},"down":{"uv":[5.25,1.5,5,3],"texture":"#0"}}},{"from":[10,1,5],"to":[11,9,11],"faces":{"north":{"uv":[4.75,2,5,4],"texture":"#0"},"east":{"uv":[0,2,1.5,4],"texture":"#0"},"south":{"uv":[4.75,4,5,6],"texture":"#0"},"west":{"uv":[1.5,2,3,4],"texture":"#0"},"up":{"uv":[3.25,6.5,3,5],"texture":"#0"},"down":{"uv":[5.25,3,5,4.5],"texture":"#0"}}},{"from":[5,0,5],"to":[11,1,11],"faces":{"north":{"uv":[5,4.5,6.5,4.75],"texture":"#0"},"east":{"uv":[5,4.75,6.5,5],"texture":"#0"},"south":{"uv":[5,5,6.5,5.25],"texture":"#0"},"west":{"uv":[5.25,0,6.75,0.25],"texture":"#0"},"up":{"uv":[4.5,1.5,3,0],"texture":"#0"},"down":{"uv":[4.5,1.5,3,3],"texture":"#0"}}},{"from":[6,7,6],"to":[10,8,10],"faces":{"north":{"uv":[2,0,4,0.5],"texture":"#0"},"east":{"uv":[2,0.5,4,1],"texture":"#0"},"south":{"uv":[2,1,4,1.5],"texture":"#0"},"west":{"uv":[2,1.5,4,2],"texture":"#0"},"up":{"uv":[9,8,8,7],"texture":"#0"},"down":{"uv":[2,2,0,4],"texture":"#0"}}}],"gui_light":"front","display":{"thirdperson_righthand":{"rotation":[65.35,0.87,1.03],"translation":[0.5,0.25,-0.75],"scale":[0.9,0.9,0.9]},"thirdperson_lefthand":{"rotation":[66.71,2.53,0.98],"translation":[0.75,0.25,-0.5],"scale":[0.9,0.9,0.9]},"firstperson_righthand":{"rotation":[24.74,-3.72,19.9],"translation":[2.25,5,-1.5]},"firstperson_lefthand":{"rotation":[13.75,0,19.75],"translation":[2.5,5.5,-2.25]},"ground":{"translation":[0,3.5,0],"scale":[0.8,0.8,0.8]},"gui":{"rotation":[68.01,36.13,-17.77],"translation":[1.25,2,0],"scale":[1.3,1.3,1.3]},"head":{"translation":[0,18.5,0],"scale":[1.5,1.5,1.5]},"fixed":{"rotation":[-90,0,0],"translation":[0,0,-15.5],"scale":[2,2,2]}}}