{"credit":"Made with Blockbench","texture_size":[32,32],"textures":{"0":"item/wheat","particle":"item/wheat"},"elements":[{"from":[6.5,1.5,6.5],"to":[9.5,8.5,9.5],"rotation":{"angle":0,"axis":"y","origin":[1,3.5,1]},"faces":{"north":{"uv":[6,3,7.5,6.5],"texture":"#0"},"east":{"uv":[0,7,1.5,10.5],"texture":"#0"},"south":{"uv":[1.5,7,3,10.5],"texture":"#0"},"west":{"uv":[3,7,4.5,10.5],"texture":"#0"},"down":{"uv":[9,3,7.5,4.5],"texture":"#0"}}},{"from":[5,9.5,5],"to":[11,16.5,11],"rotation":{"angle":0,"axis":"y","origin":[5,1.5,5]},"faces":{"north":{"uv":[0,0,3,3.5],"texture":"#0"},"east":{"uv":[3,0,6,3.5],"texture":"#0"},"south":{"uv":[0,3.5,3,7],"texture":"#0"},"west":{"uv":[3,3.5,6,7],"texture":"#0"},"up":{"uv":[9,3,6,0],"texture":"#0","cullface":"up"}}},{"from":[7.7,11.5,2.5],"to":[7.7,18.5,12.5],"rotation":{"angle":-45,"axis":"y","origin":[7,20,8]},"faces":{"east":{"uv":[7.5,5,12.5,8.5],"texture":"#0"},"west":{"uv":[7.5,5,12.5,8.5],"texture":"#0"}}},{"from":[3,11.5,8],"to":[13,18.5,8],"rotation":{"angle":-45,"axis":"y","origin":[8,20,8]},"faces":{"north":{"uv":[12.5,5,7.5,8.5],"texture":"#0"},"south":{"uv":[12.5,5,7.5,8.5],"texture":"#0"}}},{"from":[5,8.5,5],"to":[11,9.5,11],"faces":{"north":{"uv":[7.5,4.5,10.5,5],"texture":"#0"},"east":{"uv":[9,4,12,4.5],"texture":"#0"},"south":{"uv":[9,3,12,3.5],"texture":"#0"},"west":{"uv":[9,3.5,12,4],"texture":"#0"},"down":{"uv":[9,0,12,3],"texture":"#0"}}}],"gui_light":"front","display":{"thirdperson_righthand":{"translation":[-0.25,1.5,1.75]},"thirdperson_lefthand":{"translation":[-0.25,1.5,-1.5]},"firstperson_righthand":{"rotation":[14.49,9.61,-2.42],"translation":[5,-0.25,-4.5]},"firstperson_lefthand":{"rotation":[14.49,9.61,-2.42],"translation":[5,-0.25,-4.5]},"ground":{"rotation":[45,0,0],"translation":[0,1.5,0],"scale":[0.7,0.7,0.7]},"gui":{"rotation":[137.26,44.08,-104.88],"translation":[-1.25,-1.5,0]},"head":{"translation":[0,7.5,0],"scale":[2,2,2]},"fixed":{"rotation":[-16.5,0,0],"translation":[0,-3.5,-4.75],"scale":[1.8,1.8,1.8]}},"groups":[{"name":"group","origin":[9,11.5,9],"color":0,"nbt":"{}","armAnimationEnabled":false,"children":[0,1,2,3,4]}]}