{
	"credit": "Made with Blockbench",
	"texture_size": [64, 32],
	"textures": {
		"0": "./optifine/cit/armor/zbase/gold_layer_1",
		"particle": "./optifine/cit/armor/zbase/gold_layer_1"
	},
	"elements": [
		{
			"from": [8, 0, 6],
			"to": [12, 12, 10],
			"rotation": {"angle": 0, "axis": "y", "origin": [16, 8, 14]},
			"faces": {
				"north": {"uv": [1, 10, 2, 16], "texture": "#0"},
				"east": {"uv": [0, 10, 1, 16], "texture": "#0"},
				"south": {"uv": [3, 10, 4, 16], "texture": "#0"},
				"west": {"uv": [2, 10, 3, 16], "texture": "#0"},
				"up": {"uv": [2, 10, 1, 8], "texture": "#0"},
				"down": {"uv": [3, 8, 2, 10], "texture": "#0"}
			}
		},
		{
			"from": [4, 0, 6],
			"to": [8, 12, 10],
			"shade": false,
			"rotation": {"angle": 0, "axis": "y", "origin": [12, 8, 14]},
			"faces": {
				"north": {"uv": [2, 10, 1, 16], "texture": "#0"},
				"east": {"uv": [3, 10, 2, 16], "texture": "#0"},
				"south": {"uv": [4, 10, 3, 16], "texture": "#0"},
				"west": {"uv": [1, 10, 0, 16], "texture": "#0"},
				"up": {"uv": [1, 10, 2, 8], "texture": "#0"},
				"down": {"uv": [2, 8, 3, 10], "texture": "#0"}
			}
		},
		{
			"from": [8, 0, 6],
			"to": [4, 12, 10],
			"rotation": {"angle": 0, "axis": "y", "origin": [16, 8, 14]},
			"faces": {
				"north": {"uv": [1, 10, 2, 16], "texture": "#0"},
				"east": {"uv": [0, 10, 1, 16], "texture": "#0"},
				"south": {"uv": [3, 10, 4, 16], "texture": "#0"},
				"west": {"uv": [2, 10, 3, 16], "texture": "#0"},
				"up": {"uv": [2, 10, 1, 8], "texture": "#0"},
				"down": {"uv": [3, 8, 2, 10], "texture": "#0"}
			}
		},
		{
			"from": [12, 0, 6],
			"to": [8, 12, 10],
			"shade": false,
			"rotation": {"angle": 0, "axis": "y", "origin": [20, 8, 14]},
			"faces": {
				"north": {"uv": [2, 10, 1, 16], "texture": "#0"},
				"east": {"uv": [3, 10, 2, 16], "texture": "#0"},
				"south": {"uv": [4, 10, 3, 16], "texture": "#0"},
				"west": {"uv": [1, 10, 0, 16], "texture": "#0"},
				"up": {"uv": [1, 10, 2, 8], "texture": "#0"},
				"down": {"uv": [2, 8, 3, 10], "texture": "#0"}
			}
		}
	],
	"display": {
		"thirdperson_righthand": {
			"rotation": [67, 0, 0],
			"translation": [0, 0, 2.25]
		},
		"thirdperson_lefthand": {
			"rotation": [67, 0, 0],
			"translation": [0, 0, 2.25]
		},
		"firstperson_righthand": {
			"rotation": [0, 120, 0],
			"translation": [0, 5, 0],
			"scale": [0.66, 0.66, 0.66]
		},
		"firstperson_lefthand": {
			"rotation": [0, 120, 0],
			"translation": [0, 5, 0],
			"scale": [0.66, 0.66, 0.66]
		},
		"ground": {
			"translation": [0, 3, 0]
		},
		"gui": {
			"rotation": [20, 135, 0],
			"translation": [0, 3.5, 0]
		},
		"fixed": {
			"translation": [0, 3.5, -2],
			"scale": [1.2, 1.2, 1.2]
		}
	}
}