{
	"credit": "Made with Blockbench",
	"texture_size": [64, 32],
	"textures": {
		"0": "./optifine/cit/armor/zbase/gold_layer_1"
	},
	"elements": [
		{
			"from": [4, 0, 6],
			"to": [12, 12, 10],
			"rotation": {"angle": 0, "axis": "y", "origin": [12, 8, 14]},
			"faces": {
				"north": {"uv": [5, 10, 7, 16], "texture": "#0"},
				"east": {"uv": [4, 10, 5, 16], "texture": "#0"},
				"south": {"uv": [8, 10, 10, 16], "texture": "#0"},
				"west": {"uv": [7, 10, 8, 16], "texture": "#0"},
				"up": {"uv": [7, 10, 5, 8], "texture": "#0"},
				"down": {"uv": [9, 8, 7, 10], "texture": "#0"}
			}
		},
		{
			"from": [12, 0, 6],
			"to": [16, 12, 10],
			"rotation": {"angle": 0, "axis": "x", "origin": [20, 8, 14]},
			"faces": {
				"north": {"uv": [11, 10, 12, 16], "texture": "#0"},
				"east": {"uv": [10, 10, 11, 16], "texture": "#0"},
				"south": {"uv": [13, 10, 14, 16], "texture": "#0"},
				"west": {"uv": [12, 10, 13, 16], "texture": "#0"},
				"up": {"uv": [12, 10, 11, 8], "texture": "#0"},
				"down": {"uv": [13, 8, 12, 10], "texture": "#0"}
			}
		},
		{
			"from": [0, 0, 6],
			"to": [4, 12, 10],
			"shade": false,
			"rotation": {"angle": 0, "axis": "y", "origin": [8, 8, 14]},
			"faces": {
				"north": {"uv": [12, 10, 11, 16], "texture": "#0"},
				"east": {"uv": [13, 10, 12, 16], "texture": "#0"},
				"south": {"uv": [14, 10, 13, 16], "texture": "#0"},
				"west": {"uv": [11, 10, 10, 16], "texture": "#0"},
				"up": {"uv": [11, 10, 12, 8], "texture": "#0"},
				"down": {"uv": [12, 8, 13, 10], "texture": "#0"}
			}
		},
		{
			"from": [4, 0, 6],
			"to": [0, 12, 10],
			"rotation": {"angle": 0, "axis": "x", "origin": [12, 8, 14]},
			"faces": {
				"north": {"uv": [11, 10, 12, 16], "texture": "#0"},
				"east": {"uv": [10, 10, 11, 16], "texture": "#0"},
				"south": {"uv": [13, 10, 14, 16], "texture": "#0"},
				"west": {"uv": [12, 10, 13, 16], "texture": "#0"},
				"up": {"uv": [12, 10, 11, 8], "texture": "#0"},
				"down": {"uv": [13, 8, 12, 10], "texture": "#0"}
			}
		},
		{
			"from": [12, 0, 6],
			"to": [4, 12, 10],
			"rotation": {"angle": 0, "axis": "y", "origin": [20, 8, 14]},
			"faces": {
				"north": {"uv": [7, 10, 5, 16], "texture": "#0"},
				"east": {"uv": [8, 10, 7, 16], "texture": "#0"},
				"south": {"uv": [10, 10, 8, 16], "texture": "#0"},
				"west": {"uv": [5, 10, 4, 16], "texture": "#0"},
				"up": {"uv": [7, 10, 5, 8], "texture": "#0"},
				"down": {"uv": [9, 8, 7, 10], "texture": "#0"}
			}
		},
		{
			"from": [16, 0, 6],
			"to": [12, 12, 10],
			"shade": false,
			"rotation": {"angle": 0, "axis": "x", "origin": [24, 8, 14]},
			"faces": {
				"north": {"uv": [12, 10, 11, 16], "texture": "#0"},
				"east": {"uv": [13, 10, 12, 16], "texture": "#0"},
				"south": {"uv": [14, 10, 13, 16], "texture": "#0"},
				"west": {"uv": [11, 10, 10, 16], "texture": "#0"},
				"up": {"uv": [11, 10, 12, 8], "texture": "#0"},
				"down": {"uv": [12, 8, 13, 10], "texture": "#0"}
			}
		}
	],
	"display": {
		"thirdperson_righthand": {
			"rotation": [60, 0, 0],
			"translation": [0, -2.5, -2]
		},
		"thirdperson_lefthand": {
			"rotation": [60, 0, 0],
			"translation": [0, -2.5, -2]
		},
		"firstperson_righthand": {
			"rotation": [0, 120, 0],
			"translation": [0, 1.5, 0],
			"scale": [0.66, 0.66, 0.66]
		},
		"firstperson_lefthand": {
			"rotation": [0, 120, 0],
			"translation": [0, 1.5, 0],
			"scale": [0.66, 0.66, 0.66]
		},
		"ground": {
			"rotation": [90, 0, 0],
			"translation": [0, -2, 0]
		},
		"gui": {
			"rotation": [20, 135, 0],
			"translation": [0, 1.5, 0]
		},
		"head": {
			"translation": [0, 2.25, 0]
		},
		"fixed": {
			"translation": [0, 2, -2],
			"scale": [1.2, 1.2, 1.2]
		}
	}
}