{
	"credit": "Made with Blockbench",
	"texture_size": [64, 32],
	"textures": {
		"0": "./optifine/cit/armor/unbreaking/diamond_layer_1",
		"particle": "./optifine/cit/armor/unbreaking/diamond_layer_1"
	},
	"elements": [
		{
			"from": [4, 0, 4],
			"to": [12, 8, 12],
			"faces": {
				"north": {"uv": [2, 4, 4, 8], "texture": "#0"},
				"east": {"uv": [0, 4, 2, 8], "texture": "#0"},
				"south": {"uv": [6, 4, 8, 8], "texture": "#0"},
				"west": {"uv": [4, 4, 6, 8], "texture": "#0"},
				"up": {"uv": [4, 4, 2, 0], "texture": "#0"},
				"down": {"uv": [6, 0, 4, 4], "texture": "#0"}
			}
		},
		{
			"from": [4, 8, 4],
			"to": [12, 0, 12],
			"rotation": {"angle": 0, "axis": "y", "origin": [8, 16, 8]},
			"faces": {
				"north": {"uv": [2, 8, 4, 4], "texture": "#0"},
				"east": {"uv": [0, 8, 2, 4], "texture": "#0"},
				"south": {"uv": [6, 8, 8, 4], "texture": "#0"},
				"west": {"uv": [4, 8, 6, 4], "texture": "#0"},
				"up": {"uv": [6, 4, 4, 0], "texture": "#0"},
				"down": {"uv": [4, 0, 2, 4], "texture": "#0"}
			}
		},
		{
			"from": [3.5, -0.5, 3.5],
			"to": [12.5, 8.5, 12.5],
			"faces": {
				"north": {"uv": [10, 4, 12, 8], "texture": "#0"},
				"east": {"uv": [8, 4, 10, 8], "texture": "#0"},
				"south": {"uv": [14, 4, 16, 8], "texture": "#0"},
				"west": {"uv": [12, 4, 14, 8], "texture": "#0"},
				"up": {"uv": [12, 4, 10, 0], "texture": "#0"},
				"down": {"uv": [14, 0, 12, 4], "texture": "#0"}
			}
		},
		{
			"from": [3.5, 8.5, 3.5],
			"to": [12.5, -0.5, 12.5],
			"rotation": {"angle": 0, "axis": "y", "origin": [8, 16, 8]},
			"faces": {
				"north": {"uv": [10, 8, 12, 4], "texture": "#0"},
				"east": {"uv": [8, 8, 10, 4], "texture": "#0"},
				"south": {"uv": [14, 8, 16, 4], "texture": "#0"},
				"west": {"uv": [12, 8, 14, 4], "texture": "#0"},
				"up": {"uv": [14, 4, 12, 0], "texture": "#0"},
				"down": {"uv": [12, 0, 10, 4], "texture": "#0"}
			}
		}
	],
	"display": {
		"thirdperson_righthand": {
			"rotation": [90, 21.75, 0],
			"translation": [1.5, -2.75, 0]
		},
		"thirdperson_lefthand": {
			"rotation": [90, 21.75, 0],
			"translation": [1.5, -2.75, 0]
		},
		"firstperson_righthand": {
			"rotation": [0, 112, 0],
			"translation": [0, 5.5, 1.25],
			"scale": [0.66, 0.66, 0.66]
		},
		"firstperson_lefthand": {
			"rotation": [0, 112, 0],
			"translation": [0, 5.5, 1.25],
			"scale": [0.66, 0.66, 0.66]
		},
		"ground": {
			"translation": [0, 2, 0]
		},
		"gui": {
			"rotation": [20, 135, 0],
			"translation": [0, 3.75, 0]
		},
		"head": {
			"translation": [0, 7.15, 0],
			"scale": [1.8, 1.8, 1.8]
		},
		"fixed": {
			"translation": [0, 4, 0]
		}
	}
}