{
    "variants": {
        "": [
		{ "model": "block/brown_mushroom" , 	    "weight": 200},
		{ "model": "block/brown_mushroom" , "y": 90,  "weight": 200},
		{ "model": "block/brown_mushroom" , "y": 180, "weight": 200},
		{ "model": "block/brown_mushroom" , "y": 270, "weight": 200},

		{ "model": "block/brown_mushroom" ,	     	  "weight": 200},
		{ "model": "block/brown_mushroom" , "y": 90,  "weight": 200},
		{ "model": "block/brown_mushroom" , "y": 180, "weight": 200},
		{ "model": "block/brown_mushroom" , "y": 270, "weight": 200},

		{ "model": "block/brown_mushroom1" , 	    "weight": 200},
		{ "model": "block/brown_mushroom1" , "y": 90,  "weight": 200},
		{ "model": "block/brown_mushroom1" , "y": 180, "weight": 200},
		{ "model": "block/brown_mushroom1" , "y": 270, "weight": 200},

		{ "model": "block/brown_mushroom0" , 	    "weight": 200},
		{ "model": "block/brown_mushroom0" , "y": 90,  "weight": 200},
		{ "model": "block/brown_mushroom0" , "y": 180, "weight": 200},
		{ "model": "block/brown_mushroom0" , "y": 270, "weight": 200}
	]
    }
}
