{
    "variants": {
        "": [
		{ "model": "block/crimson_fungus" , 	    "weight": 200},
		{ "model": "block/crimson_fungus" , "y": 90,  "weight": 200},
		{ "model": "block/crimson_fungus" , "y": 180, "weight": 200},
		{ "model": "block/crimson_fungus" , "y": 270, "weight": 200},

		{ "model": "block/crimson_fungus" ,	     	  "weight": 200},
		{ "model": "block/crimson_fungus" , "y": 90,  "weight": 200},
		{ "model": "block/crimson_fungus" , "y": 180, "weight": 200},
		{ "model": "block/crimson_fungus" , "y": 270, "weight": 200},

		{ "model": "block/crimson_fungus1" , 	    "weight": 200},
		{ "model": "block/crimson_fungus1" , "y": 90,  "weight": 200},
		{ "model": "block/crimson_fungus1" , "y": 180, "weight": 200},
		{ "model": "block/crimson_fungus1" , "y": 270, "weight": 200},

		{ "model": "block/crimson_fungus1" , 	    "weight": 200},
		{ "model": "block/crimson_fungus1" , "y": 90,  "weight": 200},
		{ "model": "block/crimson_fungus1" , "y": 180, "weight": 200},
		{ "model": "block/crimson_fungus1" , "y": 270, "weight": 200}
	]
    }
}
