{"credit":"Made with Blockbench","texture_size":[32,32],"textures":{"1":"item/brewing_stand/potion","particle":"item/brewing_stand/potion","stand":"item/brewing_stand/brewing_stand"},"elements":[{"from":[8,0,8],"to":[16,16,8],"rotation":{"angle":0,"axis":"y","origin":[8,8,8]},"faces":{"north":{"uv":[0,0,8,16],"texture":"#stand"},"south":{"uv":[8,0,0,16],"texture":"#stand"}}},{"from":[11.68,2.045,-3.32],"to":[16.32,5.965,1.32],"rotation":{"angle":-45,"axis":"y","origin":[3,7.225,3]},"faces":{"north":{"uv":[0,6,3,8.5],"texture":"#1","tintindex":0},"east":{"uv":[3,0,6,2.5],"texture":"#1","tintindex":0},"south":{"uv":[3,2.5,6,5],"texture":"#1","tintindex":0},"west":{"uv":[3,5,6,7.5],"texture":"#1","tintindex":0},"up":{"uv":[3,3,0,0],"texture":"#1","tintindex":0},"down":{"uv":[3,3,0,6],"texture":"#1","tintindex":0}}},{"from":[11.744,2.165,-3.256],"to":[16.256,5.925,1.256],"rotation":{"angle":-45,"axis":"y","origin":[3,7.225,3]},"faces":{"north":{"uv":[6,5,8.5,7],"texture":"#1"},"east":{"uv":[6,7,8.5,9],"texture":"#1"},"south":{"uv":[3,7.5,5.5,9.5],"texture":"#1"},"west":{"uv":[0,8.5,2.5,10.5],"texture":"#1"},"up":{"uv":[8.5,2.5,6,0],"texture":"#1"},"down":{"uv":[8.5,2.5,6,5],"texture":"#1"}}},{"from":[12.8,6.045,-2.2],"to":[15.2,8.445,0.2],"rotation":{"angle":-45,"axis":"y","origin":[3,7.225,3]},"faces":{"north":{"uv":[8.5,4,10,5.5],"texture":"#1"},"east":{"uv":[8.5,4,10,5.5],"texture":"#1"},"south":{"uv":[8.5,7,10,8.5],"texture":"#1"},"west":{"uv":[8.5,8.5,10,10],"texture":"#1"},"up":{"uv":[7.5,11.5,6,10],"texture":"#1"},"down":{"uv":[9,10,7.5,11.5],"texture":"#1"}}},{"from":[12.56,7.645,-2.44],"to":[15.44,9.245,0.44],"rotation":{"angle":-45,"axis":"y","origin":[3,7.225,3]},"faces":{"north":{"uv":[16,13.5,14,12.5],"texture":"#1"},"east":{"uv":[16,10,14,11],"texture":"#1"},"south":{"uv":[16,12,14,13],"texture":"#1"},"west":{"uv":[14,15,16,16],"texture":"#1"},"up":{"uv":[16,15,14,13],"texture":"#1"},"down":{"uv":[16,8,14,10],"texture":"#1"}}}],"gui_light":"front","display":{"thirdperson_righthand":{"translation":[1.75,0.25,0],"scale":[0.9,0.9,0.9]},"thirdperson_lefthand":{"translation":[-1.75,0,0],"scale":[0.9,0.9,0.9]},"firstperson_righthand":{"rotation":[11.52,13.1,-1.7],"translation":[3,4,0]},"firstperson_lefthand":{"rotation":[11.52,13.1,-1.7],"translation":[1.75,4,0]},"ground":{"translation":[2,6.25,-0.25],"scale":[0.7,0.7,0.7]},"gui":{"rotation":[10.5,-28,0],"translation":[3.25,5,0],"scale":[1.4,1.4,1.4]},"head":{"translation":[3,18.25,0]},"fixed":{"rotation":[-90,0,0],"translation":[4,0,-13.5],"scale":[1.7,1.7,1.7]}},"groups":[0,{"name":"potion","origin":[8,8,8],"color":0,"nbt":"{}","armAnimationEnabled":false,"children":[1,2,3,4]}]}