{"credit":"Made with Blockbench","texture_size":[32,32],"textures":{"0":"block/brown_mushroom2","particle":"block/brown_mushroom2"},"elements":[{"from":[7,0,7],"to":[9,4,9],"rotation":{"angle":0,"axis":"y","origin":[-6.5,7.5,-0.5]},"faces":{"north":{"uv":[8,6,7,8],"texture":"#0"},"east":{"uv":[7,6,8,8],"texture":"#0"},"south":{"uv":[8,6,7,8],"texture":"#0"},"west":{"uv":[7,6,8,8],"texture":"#0"},"up":{"uv":[1,9,0,8],"texture":"#0"},"down":{"uv":[9,0,8,1],"texture":"#0"}}},{"from":[4,4,4],"to":[12,7,12],"faces":{"north":{"uv":[4,0,8,1.5],"texture":"#0"},"east":{"uv":[4,1.5,8,3],"texture":"#0"},"south":{"uv":[4,3,8,4.5],"texture":"#0"},"west":{"uv":[4,4.5,8,6],"texture":"#0"},"up":{"uv":[4,4,0,0],"texture":"#0"},"down":{"uv":[4,4,0,8],"texture":"#0"}}}],"gui_light":"front","display":{"thirdperson_righthand":{"translation":[0,5.5,2.25],"scale":[0.9,0.9,0.9]},"thirdperson_lefthand":{"translation":[0,5.5,2.25],"scale":[0.9,0.9,0.9]},"firstperson_righthand":{"rotation":[-15.92,6.68,2.94],"translation":[6.75,3,-6.25]},"firstperson_lefthand":{"rotation":[-15.92,6.68,2.94],"translation":[6.75,3,-6.25]},"ground":{"translation":[0,6,0]},"gui":{"rotation":[25.52,-23.56,10.82],"translation":[-0.5,4,0],"scale":[1.3,1.3,1.3]},"head":{"translation":[0,17.75,0],"scale":[1.5,1.5,1.5]},"fixed":{"rotation":[-38.25,0,0],"translation":[0,5.75,-10.75],"scale":[2,2,2]}},"groups":[{"name":"group","origin":[8,8,8],"color":0,"nbt":"{}","armAnimationEnabled":false,"children":[0,1]}]}