{"credit":"Made with Blockbench","textures":{"0":"block/brown_mushroom1","particle":"block/brown_mushroom1"},"elements":[{"from":[9,-2,9],"to":[11,2,11],"rotation":{"angle":0,"axis":"y","origin":[-6.5,7.5,-0.5]},"faces":{"north":{"uv":[14,12,12,16],"texture":"#0"},"east":{"uv":[12,12,14,16],"texture":"#0"},"south":{"uv":[14,12,12,16],"texture":"#0"},"west":{"uv":[12,12,14,16],"texture":"#0"},"up":{"uv":[2,18,0,16],"texture":"#0"},"down":{"uv":[16,12,14,14],"texture":"#0"}}},{"from":[7,2,7],"to":[13,4,13],"faces":{"north":{"uv":[6,0,12,2],"texture":"#0"},"east":{"uv":[6,2,12,4],"texture":"#0"},"south":{"uv":[6,4,12,6],"texture":"#0"},"west":{"uv":[6,6,12,8],"texture":"#0"},"up":{"uv":[6,6,0,0],"texture":"#0"},"down":{"uv":[6,6,0,12],"texture":"#0"}}}],"gui_light":"front","display":{"thirdperson_righthand":{"translation":[0,5.5,2.25],"scale":[0.9,0.9,0.9]},"thirdperson_lefthand":{"translation":[0,5.5,2.25],"scale":[0.9,0.9,0.9]},"firstperson_righthand":{"rotation":[-15.92,6.68,2.94],"translation":[6.75,3,-6.25]},"firstperson_lefthand":{"rotation":[-15.92,6.68,2.94],"translation":[6.75,3,-6.25]},"ground":{"translation":[0,6,0]},"gui":{"rotation":[25.52,-23.56,10.82],"translation":[-0.5,4,0],"scale":[1.3,1.3,1.3]},"head":{"translation":[0,17.75,0],"scale":[1.5,1.5,1.5]},"fixed":{"rotation":[-38.25,0,0],"translation":[0,5.75,-10.75],"scale":[2,2,2]}},"groups":[{"name":"group","origin":[8,8,8],"color":0,"nbt":"{}","armAnimationEnabled":false,"children":[0,1]}]}