{"credit":"Made with Blockbench","textures":{"0":"block/crimson_fungus","particle":"block/crimson_fungus"},"elements":[{"from":[7,0,7],"to":[9,5,9],"faces":{"north":{"uv":[5,8,6,10.5],"texture":"#0"},"east":{"uv":[6,8,5,10.5],"texture":"#0"},"south":{"uv":[5,8,6,10.5],"texture":"#0"},"west":{"uv":[6,8,5,10.5],"texture":"#0"},"up":{"uv":[9,7.5,8,6.5],"texture":"#0"},"down":{"uv":[8,8,7,9],"texture":"#0"}}},{"from":[5,8,5],"to":[11,12,11],"faces":{"north":{"uv":[13,8,16,10],"texture":"#0"},"east":{"uv":[13,10,16,12],"texture":"#0"},"south":{"uv":[13,12,16,14],"texture":"#0"},"west":{"uv":[10,14,13,16],"texture":"#0"},"up":{"uv":[13,11,10,8],"texture":"#0"},"down":{"uv":[13,11,10,14],"texture":"#0"}}},{"from":[4,5,4],"to":[12,8,12],"faces":{"north":{"uv":[4,0,8,1.5],"texture":"#0"},"east":{"uv":[4,1.5,8,3],"texture":"#0"},"south":{"uv":[4,3,8,4.5],"texture":"#0"},"west":{"uv":[4,4.5,8,6],"texture":"#0"},"up":{"uv":[4,4,0,0],"texture":"#0"},"down":{"uv":[4,4,0,8],"texture":"#0"}}}],"display":{"thirdperson_righthand":{"translation":[0,4.75,1.5]}},"groups":[{"name":"group","origin":[0,0,0],"color":0,"nbt":"{}","armAnimationEnabled":false,"children":[0,1,2]}]}