{
	"credit": "Made with Blockbench",
	"textures": {
		"0": "block/mangrove_propagule",
		"particle": "block/mangrove_propagule"
	},
	"elements": [
		{
			"from": [6, 0, 7],
			"to": [9, 9, 10],
			"rotation": {"angle": 0, "axis": "y", "origin": [0, 0, 1]},
			"faces": {
				"north": {"uv": [0, 0, 3, 9], "texture": "#0"},
				"east": {"uv": [0, 0, 3, 9], "texture": "#0"},
				"south": {"uv": [0, 0, 3, 9], "texture": "#0"},
				"west": {"uv": [0, 0, 3, 9], "texture": "#0"},
				"up": {"uv": [6, 3, 3, 0], "texture": "#0"},
				"down": {"uv": [6, 5, 3, 8], "texture": "#0"}
			}
		},
		{
			"from": [7.5, 9, 5],
			"to": [7.5, 17, 12],
			"rotation": {"angle": 0, "axis": "y", "origin": [7.5, 13, 8.5], "rescale": true},
			"faces": {
				"north": {"uv": [5, 8, 6, 16], "texture": "#0"},
				"east": {"uv": [9, 0, 16, 7], "texture": "#0"},
				"south": {"uv": [6, 8, 7, 16], "texture": "#0"},
				"west": {"uv": [9, 0, 16, 7], "texture": "#0"},
				"up": {"uv": [7, 9, 2, 8], "rotation": 270, "texture": "#0"},
				"down": {"uv": [12, 8, 7, 9], "rotation": 90, "texture": "#0"}
			}
		},
		{
			"from": [4, 9, 8.5],
			"to": [11, 17, 8.5],
			"rotation": {"angle": 0, "axis": "y", "origin": [7.5, 13, 8.5], "rescale": true},
			"faces": {
				"north": {"uv": [9, 0, 16, 7], "texture": "#0"},
				"east": {"uv": [5, 8, 6, 16], "texture": "#0"},
				"south": {"uv": [9, 0, 16, 7], "texture": "#0"},
				"west": {"uv": [6, 8, 7, 16], "texture": "#0"},
				"up": {"uv": [7, 9, 2, 8], "texture": "#0"},
				"down": {"uv": [12, 8, 7, 9], "texture": "#0"}
			}
		}
	],
	"gui_light": "front",
	"display": {
		"thirdperson_righthand": {
			"translation": [0.25, 3, 1.5]
		},
		"thirdperson_lefthand": {
			"translation": [-0.75, 3, 1.5]
		},
		"firstperson_righthand": {
			"rotation": [-14.43, 13.82, 3.52],
			"translation": [7.25, 3.25, -5.25]
		},
		"firstperson_lefthand": {
			"rotation": [-14.05, -3.14, -0.75],
			"translation": [7.25, 3.25, -5.25]
		},
		"ground": {
			"translation": [0, 4, 0],
			"scale": [0.7, 0.7, 0.7]
		},
		"gui": {
			"rotation": [-26.62, 39.45, 15.91],
			"translation": [-0.5, 1.25, 0],
			"scale": [1.1, 1.1, 1.1]
		},
		"head": {
			"translation": [1, 17.25, -1],
			"scale": [1.4, 1.4, 1.4]
		},
		"fixed": {
			"translation": [0, 2.75, -3],
			"scale": [1.6, 1.6, 1.6]
		}
	},
	"groups": [
		{
			"name": "group",
			"origin": [5.50147, 10.17897, 8],
			"color": 0,
			"nbt": "{}",
			"armAnimationEnabled": false,
			"children": [0]
		},
		{
			"name": "group",
			"origin": [7.5, 13, 8.5],
			"color": 0,
			"nbt": "{}",
			"armAnimationEnabled": false,
			"children": [1, 2]
		}
	]
}