{"credit":"Made with Blockbench","parent":"minecraft:block/cross","textures":{"0":"block/red_mushroom","particle":"block/red_mushroom"},"elements":[{"from":[9,-1.5,9],"to":[11,1.5,11],"faces":{"north":{"uv":[12,0,14,3],"texture":"#0"},"east":{"uv":[14,0,12,3],"texture":"#0"},"south":{"uv":[12,0,14,3],"texture":"#0"},"west":{"uv":[14,0,12,3],"texture":"#0"},"up":{"uv":[16,2,14,0],"texture":"#0"},"down":{"uv":[16,0,14,2],"texture":"#0"}}},{"from":[7,1.5,7],"to":[13,5.5,13],"faces":{"north":{"uv":[6,0,12,4],"texture":"#0"},"east":{"uv":[6,4,12,8],"texture":"#0"},"south":{"uv":[6,8,12,12],"texture":"#0"},"west":{"uv":[0,12,6,16],"texture":"#0"},"up":{"uv":[6,6,0,0],"texture":"#0"},"down":{"uv":[6,6,0,12],"texture":"#0"}}}],"gui_light":"front","display":{"thirdperson_righthand":{"translation":[-1.75,8.5,-0.75]},"thirdperson_lefthand":{"translation":[2,8.5,0]},"firstperson_righthand":{"rotation":[-15.92,6.68,2.94],"translation":[1.25,5,-6.25]},"firstperson_lefthand":{"rotation":[-148.8,80.2,133.18],"translation":[2,5,-6.25]},"ground":{"translation":[-2,7,-2]},"gui":{"rotation":[25.52,-23.56,10.82],"translation":[-2.5,8.75,0],"scale":[1.5,1.5,1.5]},"head":{"translation":[-3,20.5,-3],"scale":[1.5,1.5,1.5]},"fixed":{"rotation":[-30.25,0,0],"translation":[-4,7.25,-14],"scale":[2,2,2]}},"groups":[{"name":"group","origin":[8,8,8],"color":0,"nbt":"{}","armAnimationEnabled":false,"children":[0,1]}]}