{"credit":"Made with Blockbench","parent":"minecraft:block/cross","textures":{"0":"block/red_mushroom","particle":"block/red_mushroom"},"elements":[{"from":[7,0,7],"to":[9,3,9],"faces":{"north":{"uv":[12,0,14,3],"texture":"#0"},"east":{"uv":[14,0,12,3],"texture":"#0"},"south":{"uv":[12,0,14,3],"texture":"#0"},"west":{"uv":[14,0,12,3],"texture":"#0"},"up":{"uv":[16,2,14,0],"texture":"#0"},"down":{"uv":[16,0,14,2],"texture":"#0"}}},{"from":[5,3,5],"to":[11,7,11],"faces":{"north":{"uv":[6,0,12,4],"texture":"#0"},"east":{"uv":[6,4,12,8],"texture":"#0"},"south":{"uv":[6,8,12,12],"texture":"#0"},"west":{"uv":[0,12,6,16],"texture":"#0"},"up":{"uv":[6,6,0,0],"texture":"#0"},"down":{"uv":[6,6,0,12],"texture":"#0"}}}],"display":{"thirdperson_righthand":{"translation":[0,5.25,0]}},"groups":[{"name":"group","origin":[8,8,8],"color":0,"nbt":"{}","armAnimationEnabled":false,"children":[0,1]}]}