{"credit":"Made with Blockbench","parent":"minecraft:block/cross","textures":{"0":"block/red_mushroom0","particle":"block/red_mushroom0"},"elements":[{"from":[4.3,0,4.3],"to":[7.3,4,7.3],"faces":{"north":{"uv":[11.5,12,13,14],"texture":"#0"},"east":{"uv":[13,12,14.5,14],"texture":"#0"},"south":{"uv":[11.5,14,13,16],"texture":"#0"},"west":{"uv":[13,14,14.5,16],"texture":"#0"},"up":{"uv":[16,13.5,14.5,12],"texture":"#0"},"down":{"uv":[16,13.5,14.5,15],"texture":"#0"}}},{"from":[2.5,4,2.5],"to":[9.1,8.4,9.1],"rotation":{"angle":0,"axis":"y","origin":[-0.8,0,-0.8]},"faces":{"north":{"uv":[3,0,6,2],"texture":"#0"},"east":{"uv":[3,2,6,4],"texture":"#0"},"south":{"uv":[3,4,6,6],"texture":"#0"},"west":{"uv":[0,6,3,8],"texture":"#0"},"up":{"uv":[3,3,0,0],"texture":"#0"},"down":{"uv":[3,3,0,6],"texture":"#0"}}}],"gui_light":"front","display":{"thirdperson_righthand":{"translation":[-1.75,8.5,-0.75]},"thirdperson_lefthand":{"translation":[2,8.5,0]},"firstperson_righthand":{"rotation":[-15.92,6.68,2.94],"translation":[1.25,5,-6.25]},"firstperson_lefthand":{"rotation":[-148.8,80.2,133.18],"translation":[2,5,-6.25]},"ground":{"translation":[-2,7,-2]},"gui":{"rotation":[25.52,-23.56,10.82],"translation":[-2.5,8.75,0],"scale":[1.5,1.5,1.5]},"head":{"translation":[-3,20.5,-3],"scale":[1.5,1.5,1.5]},"fixed":{"rotation":[-30.25,0,0],"translation":[-4,7.25,-14],"scale":[2,2,2]}},"groups":[{"name":"group","origin":[8,8,8],"color":0,"nbt":"{}","armAnimationEnabled":false,"children":[0,1]}]}