{"credit":"Made with Blockbench","textures":{"1":"block/sugar_cane","particle":"block/sugar_cane"},"elements":[{"from":[12,0,9],"to":[14,16,11],"faces":{"north":{"uv":[0,0,1,8],"texture":"#1"},"east":{"uv":[1,0,2,8],"texture":"#1"},"south":{"uv":[2,0,3,8],"texture":"#1"},"west":{"uv":[3,0,4,8],"texture":"#1"},"up":{"uv":[1,9,0,8],"texture":"#1"},"down":{"uv":[2,8,1,9],"texture":"#1"}}},{"from":[9,0,2],"to":[11,16,4],"faces":{"north":{"uv":[4,0,5,8],"texture":"#1"},"east":{"uv":[5,0,6,8],"texture":"#1"},"south":{"uv":[6,0,7,8],"texture":"#1"},"west":{"uv":[7,0,8,8],"texture":"#1"},"up":{"uv":[1,9,0,8],"texture":"#1"},"down":{"uv":[2,8,1,9],"texture":"#1"}}},{"from":[2,0,5],"to":[4,16,7],"faces":{"north":{"uv":[4,0,5,8],"texture":"#1"},"east":{"uv":[5,0,6,8],"texture":"#1"},"south":{"uv":[6,0,7,8],"texture":"#1"},"west":{"uv":[7,0,8,8],"texture":"#1"},"up":{"uv":[1,9,0,8],"texture":"#1"},"down":{"uv":[2,8,1,9],"texture":"#1"}}},{"from":[5,0,12],"to":[7,16,14],"faces":{"north":{"uv":[9,0,10,8],"texture":"#1"},"east":{"uv":[8,0,9,8],"texture":"#1"},"south":{"uv":[10,0,11,8],"texture":"#1"},"west":{"uv":[11,0,12,8],"texture":"#1"},"up":{"uv":[1,9,0,8],"texture":"#1"},"down":{"uv":[2,8,1,9],"texture":"#1"}}},{"from":[5.20065,12.0822,14.75641],"to":[7.20065,16.0822,14.75641],"rotation":{"angle":-22.5,"axis":"x","origin":[6.20065,14.0822,14.75641]},"faces":{"north":{"uv":[15,14,16,16],"texture":"#1"},"east":{"uv":[14,14,14,16],"texture":"#1"},"south":{"uv":[15,14,16,16],"texture":"#1"},"west":{"uv":[14,14,14,16],"texture":"#1"},"up":{"uv":[0,1,0,0],"rotation":90,"texture":"#1"},"down":{"uv":[0,0,0,1],"rotation":270,"texture":"#1"}}},{"from":[7.6244,2.24768,12],"to":[7.6244,6.24768,14],"rotation":{"angle":22.5,"axis":"z","origin":[7.6244,4.24768,13]},"faces":{"north":{"uv":[14,14,14,16],"texture":"#1"},"east":{"uv":[15,14,16,16],"texture":"#1"},"south":{"uv":[14,14,14,16],"texture":"#1"},"west":{"uv":[15,14,16,16],"texture":"#1"},"up":{"uv":[0,1,0,0],"texture":"#1"},"down":{"uv":[0,0,0,1],"texture":"#1"}}},{"from":[9,12.0822,3.75641],"to":[11,16.0822,3.75641],"rotation":{"angle":-22.5,"axis":"x","origin":[6.20065,14.0822,14.75641]},"faces":{"north":{"uv":[15,14,16,16],"texture":"#1"},"east":{"uv":[14,14,14,16],"texture":"#1"},"south":{"uv":[15,14,16,16],"texture":"#1"},"west":{"uv":[14,14,14,16],"texture":"#1"},"up":{"uv":[0,1,0,0],"rotation":90,"texture":"#1"},"down":{"uv":[0,0,0,1],"rotation":270,"texture":"#1"}}},{"from":[2,6.44732,7.33863],"to":[4,10.44732,7.33863],"rotation":{"angle":-22.5,"axis":"x","origin":[3,9.44732,7.33863]},"faces":{"north":{"uv":[15,14,16,16],"texture":"#1"},"east":{"uv":[14,14,14,16],"texture":"#1"},"south":{"uv":[15,14,16,16],"texture":"#1"},"west":{"uv":[14,14,14,16],"texture":"#1"},"up":{"uv":[0,1,0,0],"rotation":90,"texture":"#1"},"down":{"uv":[0,0,0,1],"rotation":270,"texture":"#1"}}},{"from":[11.8,10.26163,2],"to":[11.8,14.26163,4],"rotation":{"angle":22.5,"axis":"z","origin":[11.20065,12.26163,2.5218]},"faces":{"north":{"uv":[14,14,14,16],"texture":"#1"},"east":{"uv":[15,14,16,16],"texture":"#1"},"south":{"uv":[14,14,14,16],"texture":"#1"},"west":{"uv":[15,14,16,16],"texture":"#1"},"up":{"uv":[0,1,0,0],"texture":"#1"},"down":{"uv":[0,0,0,1],"texture":"#1"}}},{"from":[12,3.0822,7.75641],"to":[14,7.0822,7.75641],"rotation":{"angle":-22.5,"axis":"x","origin":[6.20065,14.0822,14.75641]},"faces":{"north":{"uv":[15,14,16,16],"texture":"#1"},"east":{"uv":[14,14,14,16],"texture":"#1"},"south":{"uv":[15,14,16,16],"texture":"#1"},"west":{"uv":[14,14,14,16],"texture":"#1"},"up":{"uv":[0,1,0,0],"rotation":90,"texture":"#1"},"down":{"uv":[0,0,0,1],"rotation":270,"texture":"#1"}}},{"from":[13.3,6.26163,9],"to":[13.3,10.26163,11],"rotation":{"angle":22.5,"axis":"z","origin":[11.20065,12.26163,2.5218]},"faces":{"north":{"uv":[14,14,14,16],"texture":"#1"},"east":{"uv":[15,14,16,16],"texture":"#1"},"south":{"uv":[14,14,14,16],"texture":"#1"},"west":{"uv":[15,14,16,16],"texture":"#1"},"up":{"uv":[0,1,0,0],"texture":"#1"},"down":{"uv":[0,0,0,1],"texture":"#1"}}},{"from":[12,12.17108,3.6],"to":[14,16.17108,3.6],"rotation":{"angle":22.5,"axis":"x","origin":[1.39734,2.17108,4]},"faces":{"north":{"uv":[15,14,16,16],"texture":"#1"},"east":{"uv":[14,14,14,16],"texture":"#1"},"south":{"uv":[15,14,16,16],"texture":"#1"},"west":{"uv":[14,14,14,16],"texture":"#1"},"up":{"uv":[0,1,0,0],"rotation":90,"texture":"#1"},"down":{"uv":[0,0,0,1],"rotation":270,"texture":"#1"}}},{"from":[9,2.17108,0.3],"to":[11,6.17108,0.3],"rotation":{"angle":22.5,"axis":"x","origin":[1.39734,2.17108,4]},"faces":{"north":{"uv":[15,14,16,16],"texture":"#1"},"east":{"uv":[14,14,14,16],"texture":"#1"},"south":{"uv":[15,14,16,16],"texture":"#1"},"west":{"uv":[14,14,14,16],"texture":"#1"},"up":{"uv":[0,1,0,0],"rotation":90,"texture":"#1"},"down":{"uv":[0,0,0,1],"rotation":270,"texture":"#1"}}},{"from":[0.4,10.46447,5],"to":[0.4,14.46447,7],"rotation":{"angle":-22.5,"axis":"z","origin":[5,11,13]},"faces":{"north":{"uv":[14,14,14,16],"texture":"#1"},"east":{"uv":[15,14,16,16],"texture":"#1"},"south":{"uv":[14,14,14,16],"texture":"#1"},"west":{"uv":[15,14,16,16],"texture":"#1"},"up":{"uv":[0,1,0,0],"texture":"#1"},"down":{"uv":[0,0,0,1],"texture":"#1"}}},{"from":[5.05025,7.46447,12],"to":[5.05025,11.46447,14],"rotation":{"angle":-22.5,"axis":"z","origin":[5,11,13]},"faces":{"north":{"uv":[14,14,14,16],"texture":"#1"},"east":{"uv":[15,14,16,16],"texture":"#1"},"south":{"uv":[14,14,14,16],"texture":"#1"},"west":{"uv":[15,14,16,16],"texture":"#1"},"up":{"uv":[0,1,0,0],"texture":"#1"},"down":{"uv":[0,0,0,1],"texture":"#1"}}},{"from":[2,0.17108,4.3],"to":[4,4.17108,4.3],"rotation":{"angle":22.5,"axis":"x","origin":[1.39734,2.17108,4]},"faces":{"north":{"uv":[15,14,16,16],"texture":"#1"},"east":{"uv":[14,14,14,16],"texture":"#1"},"south":{"uv":[15,14,16,16],"texture":"#1"},"west":{"uv":[14,14,14,16],"texture":"#1"},"up":{"uv":[0,1,0,0],"rotation":90,"texture":"#1"},"down":{"uv":[0,0,0,1],"rotation":270,"texture":"#1"}}}],"display":{"gui":{"rotation":[-180,56.25,-180]}},"groups":[{"name":"group","origin":[0,0,0],"color":0,"nbt":"{}","armAnimationEnabled":false,"children":[0,1,2,3]},{"name":"group","origin":[8,8,8],"color":0,"nbt":"{}","armAnimationEnabled":false,"children":[4,5,6,7,8,9,10,11,12,13,14,15]}]}