{"credit":"Made with Blockbench","texture_size":[64,64],"textures":{"2":"block/sweet berry/sweet_berry_bush_stage1","particle":"block/sweet berry/sweet_berry_bush_stage1"},"elements":[{"from":[2,0,2],"to":[14,12,14],"faces":{"north":{"uv":[0,0,3,3],"texture":"#2"},"east":{"uv":[0,3,3,6],"texture":"#2"},"south":{"uv":[3,0,6,3],"texture":"#2"},"west":{"uv":[3,3,6,6],"texture":"#2"},"up":{"uv":[3,9,0,6],"texture":"#2"},"down":{"uv":[9,0,6,3],"texture":"#2"}}},{"from":[8,-2.2,-0.8],"to":[8,15.4,16.8],"rotation":{"angle":0,"axis":"y","origin":[8,6.6,8]},"faces":{"north":{"uv":[12,12,12,13],"texture":"#2"},"east":{"uv":[12,12,16,16],"texture":"#2"},"south":{"uv":[12,12,12,13],"texture":"#2"},"west":{"uv":[12,12,16,16],"texture":"#2"},"up":{"uv":[0,0,1,0],"rotation":270,"texture":"#2"},"down":{"uv":[0,0,1,0],"rotation":90,"texture":"#2"}}},{"from":[-0.8,-2.2,8],"to":[16.8,15.4,8],"rotation":{"angle":0,"axis":"y","origin":[-0.8,0,-0.8]},"faces":{"north":{"uv":[12,12,16,16],"texture":"#2"},"east":{"uv":[12,12,12,13],"texture":"#2"},"south":{"uv":[12,12,16,16],"texture":"#2"},"west":{"uv":[12,12,12,13],"texture":"#2"},"up":{"uv":[0,0,1,0],"texture":"#2"},"down":{"uv":[0,0,1,0],"texture":"#2"}}}],"display":{"thirdperson_righthand":{"scale":[0.8,0.8,0.8]}},"groups":[{"name":"group","origin":[8,8,8],"color":0,"nbt":"{}","armAnimationEnabled":false,"children":[0]},{"name":"group","origin":[8,8,8],"color":0,"nbt":"{}","armAnimationEnabled":false,"children":[1,2]}]}