{"credit":"Made with Blockbench","textures":{"1":"block/sweet berry/berrys","2":"block/sweet berry/sweet_berry_bush_stage2","particle":"block/sweet berry/sweet_berry_bush_stage2"},"elements":[{"from":[2,0,2],"to":[14,12,14],"faces":{"north":{"uv":[0,0,3,3],"texture":"#2"},"east":{"uv":[0,3,3,6],"texture":"#2"},"south":{"uv":[3,0,6,3],"texture":"#2"},"west":{"uv":[3,3,6,6],"texture":"#2"},"up":{"uv":[3,9,0,6],"texture":"#2"},"down":{"uv":[9,0,6,3],"texture":"#2"}}},{"from":[8,-2.2,-0.8],"to":[8,15.4,16.8],"rotation":{"angle":0,"axis":"y","origin":[8,6.6,8]},"faces":{"north":{"uv":[12,12,12,13],"texture":"#2"},"east":{"uv":[12,12,16,16],"texture":"#2"},"south":{"uv":[12,12,12,13],"texture":"#2"},"west":{"uv":[12,12,16,16],"texture":"#2"},"up":{"uv":[0,0,1,0],"rotation":270,"texture":"#2"},"down":{"uv":[0,0,1,0],"rotation":90,"texture":"#2"}}},{"from":[-0.8,-2.2,8],"to":[16.8,15.4,8],"rotation":{"angle":0,"axis":"y","origin":[-0.8,0,-0.8]},"faces":{"north":{"uv":[12,12,16,16],"texture":"#2"},"east":{"uv":[12,12,12,13],"texture":"#2"},"south":{"uv":[12,12,16,16],"texture":"#2"},"west":{"uv":[12,12,12,13],"texture":"#2"},"up":{"uv":[0,0,1,0],"texture":"#2"},"down":{"uv":[0,0,1,0],"texture":"#2"}}},{"from":[3.47976,1.64,-1.92],"to":[5.71976,3.88,0.32],"rotation":{"angle":-22.5,"axis":"y","origin":[-1.00024,5,6.75678]},"faces":{"north":{"uv":[0,0,0.5,0.5],"texture":"#1"},"east":{"uv":[0,0.5,0.5,1],"texture":"#1"},"south":{"uv":[0.5,0,1,0.5],"texture":"#1"},"west":{"uv":[0.5,0.5,1,1],"texture":"#1"},"up":{"uv":[0.5,1.5,0,1],"texture":"#1"},"down":{"uv":[1.5,0,1,0.5],"texture":"#1"}}},{"from":[5.36,9.48,2.8],"to":[7.6,11.72,5.04],"rotation":{"angle":22.5,"axis":"y","origin":[2,5,14]},"faces":{"north":{"uv":[2.5,2.5,3,3],"texture":"#1"},"east":{"uv":[2.5,3,3,3.5],"texture":"#1"},"south":{"uv":[3,2.5,3.5,3],"texture":"#1"},"west":{"uv":[3,3,3.5,3.5],"texture":"#1"},"up":{"uv":[3,4,2.5,3.5],"texture":"#1"},"down":{"uv":[4,2.5,3.5,3],"texture":"#1"}}},{"from":[14.44,3.88,12.88],"to":[16.68,6.12,15.12],"rotation":{"angle":22.5,"axis":"y","origin":[2,5,14]},"faces":{"north":{"uv":[0,2.5,0.5,3],"texture":"#1"},"east":{"uv":[0,3,0.5,3.5],"texture":"#1"},"south":{"uv":[0.5,2.5,1,3],"texture":"#1"},"west":{"uv":[0.5,3,1,3.5],"texture":"#1"},"up":{"uv":[0.5,4,0,3.5],"texture":"#1"},"down":{"uv":[1.5,2.5,1,3],"texture":"#1"}}},{"from":[8.72,9.48,16.24],"to":[10.96,11.72,18.48],"rotation":{"angle":22.5,"axis":"y","origin":[2,5,14]},"faces":{"north":{"uv":[6.5,5,7,5.5],"texture":"#1"},"east":{"uv":[6.5,5.5,7,6],"texture":"#1"},"south":{"uv":[7,5,7.5,5.5],"texture":"#1"},"west":{"uv":[7,5.5,7.5,6],"texture":"#1"},"up":{"uv":[7,6.5,6.5,6],"texture":"#1"},"down":{"uv":[8,5,7.5,5.5],"texture":"#1"}}},{"from":[0.88,3.88,12.88],"to":[3.12,6.12,15.12],"rotation":{"angle":22.5,"axis":"y","origin":[2,5,14]},"faces":{"north":{"uv":[6.5,6.5,7,7],"texture":"#1"},"east":{"uv":[6.5,7,7,7.5],"texture":"#1"},"south":{"uv":[7,6.5,7.5,7],"texture":"#1"},"west":{"uv":[7,7,7.5,7.5],"texture":"#1"},"up":{"uv":[7,8,6.5,7.5],"texture":"#1"},"down":{"uv":[8,6.5,7.5,7],"texture":"#1"}}}],"display":{"thirdperson_righthand":{"scale":[0.8,0.8,0.8]}},"groups":[{"name":"group","origin":[8,8,8],"color":0,"nbt":"{}","armAnimationEnabled":false,"children":[0]},{"name":"group","origin":[8,8,8],"color":0,"nbt":"{}","armAnimationEnabled":false,"children":[1,2]},{"name":"group","origin":[2,5,14],"color":0,"nbt":"{}","armAnimationEnabled":false,"children":[3,4,5,6,7]}]}