{"credit":"Made with Blockbench","texture_size":[32,32],"textures":{"1":"block/sweet berry/sweet_berry_bush_stage0","particle":"block/sweet berry/sweet_berry_bush_stage0"},"elements":[{"from":[4,0,5],"to":[11,7,12],"faces":{"north":{"uv":[0,0,3.5,3.5],"texture":"#1"},"east":{"uv":[0,3.5,3.5,7],"texture":"#1"},"south":{"uv":[3.5,0,7,3.5],"texture":"#1"},"west":{"uv":[3.5,3.5,7,7],"texture":"#1"},"up":{"uv":[3.5,10.5,0,7],"texture":"#1"},"down":{"uv":[10.5,0,7,3.5],"texture":"#1"}}}],"display":{}}